task,lane,episode,reach,target_x,target_y,distractor_x,distractor_y,close_q,d_x,d_y,d_xy,d_z,tip_rim,sel_target,steps,maxlift,slip,dPlate,holdd,holdz,bimp,bpen,pmax,pmove,refok,ikfail,rotacc,distmax,distobj,strict,termhold,lost
0,g,1,0.642,-0.05,0.2,-0.18087,0.31796,6,-0.022,-0.065,0.0686,0.032,-0.021,1,34.0,0.089,0.0914,0.044,0.0225,0.914,7.0,0.0005,0.026,0.0228,-1.0,0.0,0.3681,0.0,distractor_bowl,0,1,1
0,g,10,0.642,-0.05,0.2,-0.18087,0.31796,6,-0.025,-0.064,0.0687,0.037,-0.016,1,26.0,0.0889,0.0887,0.0035,0.0061,0.9119,4.0,0.0006,0.0059,0.0046,15.0,0.0,0.3905,0.0,distractor_bowl,0,1,0
0,g,11,0.642,-0.05,0.2,-0.18087,0.31796,6,-0.018,-0.064,0.0665,0.034,-0.019,1,150.0,0.0835,0.391,0.256,-1.0,-1.0,4.0,0.0,0.0422,0.0406,-1.0,0.0,0.5,0.0,distractor_bowl,0,0,0
0,g,12,0.642,-0.05,0.2,-0.18087,0.31796,5,-0.01,-0.065,0.0658,0.042,-0.011,1,150.0,0.0752,0.1429,0.0765,-1.0,-1.0,45.0,0.0139,0.1836,0.1836,-1.0,2.0,0.5,0.0037,cookies,0,0,0
0,g,13,0.642,-0.05,0.2,-0.18087,0.31796,5,-0.025,-0.065,0.0696,0.042,-0.011,1,30.0,0.0711,0.1062,0.0279,0.0251,0.9121,8.0,0.0001,0.012,0.0093,-1.0,0.0,0.2209,0.0,distractor_bowl,0,1,1
0,g,14,0.642,-0.05,0.2,-0.18087,0.31796,6,-0.027,-0.063,0.0685,0.031,-0.022,1,125.0,0.0701,0.0991,0.0275,0.0128,0.9075,21.0,0.0132,0.1959,0.1958,-1.0,0.0,0.5,0.0,distractor_bowl,0,1,1
0,g,15,0.642,-0.05,0.2,-0.18087,0.31796,6,-0.017,-0.065,0.0672,0.038,-0.015,1,28.0,0.0692,0.0524,0.0575,0.0391,0.9162,6.0,0.0001,0.0454,0.0454,-1.0,0.0,0.5,0.0,distractor_bowl,0,1,1
0,g,16,0.642,-0.05,0.2,-0.18087,0.31796,6,-0.029,-0.071,0.0767,0.013,-0.04,1,30.0,0.0709,0.0883,0.0158,0.0158,0.9119,6.0,0.0001,0.0172,0.0126,29.0,0.0,0.5,0.0,distractor_bowl,0,1,1
0,g,17,0.642,-0.05,0.2,-0.18087,0.31796,6,-0.024,-0.065,0.0693,0.03,-0.023,1,24.0,0.0882,0.0889,0.0066,0.0119,0.9131,2.0,0.0007,0.0049,0.0012,13.0,0.0,0.3684,0.0,distractor_bowl,1,1,0
0,g,18,0.642,-0.05,0.2,-0.18087,0.31796,6,-0.013,-0.06,0.0614,0.041,-0.012,1,150.0,0.0299,0.2517,0.2764,-1.0,-1.0,8.0,0.0001,0.0251,0.0159,-1.0,0.0,0.5,0.0094,cookies,0,0,0
0,g,19,0.642,-0.05,0.2,-0.18087,0.31796,6,-0.019,-0.063,0.0658,0.034,-0.019,1,25.0,0.0796,0.0795,0.0135,0.0135,0.917,5.0,0.0005,0.007,0.0051,-1.0,0.0,0.4958,0.0,distractor_bowl,0,1,1
0,g,2,0.642,-0.05,0.2,-0.18087,0.31796,6,-0.026,-0.059,0.0645,0.03,-0.023,1,150.0,0.0712,0.1302,0.1191,0.0269,0.9064,34.0,0.0139,0.2123,0.2123,-1.0,4.0,0.5,0.0,distractor_bowl,0,0,0
0,g,20,0.642,-0.05,0.2,-0.18087,0.31796,6,-0.022,-0.063,0.0667,0.036,-0.017,1,150.0,0.0787,0.0688,0.1251,0.0262,0.9198,19.0,0.0132,0.1972,0.1972,-1.0,561.0,0.5,0.0154,cookies,0,0,0
0,g,21,0.642,-0.05,0.2,-0.18087,0.31796,6,-0.025,-0.061,0.0659,0.022,-0.031,1,36.0,0.0519,0.08,0.0479,0.0095,0.9146,8.0,0.0084,0.0553,0.0553,-1.0,0.0,0.343,0.0,distractor_bowl,0,1,1
0,g,22,0.642,-0.05,0.2,-0.18087,0.31796,6,-0.026,-0.063,0.0682,0.029,-0.024,1,26.0,0.0843,0.0812,0.0063,0.0065,0.9118,3.0,0.0008,0.0336,0.0336,-1.0,0.0,0.4335,0.0,distractor_bowl,0,1,1
0,g,23,0.642,-0.05,0.2,-0.18087,0.31796,5,-0.023,-0.065,0.0689,0.04,-0.013,1,28.0,0.0751,0.0832,0.0338,0.0195,0.9115,5.0,0.0023,0.0115,0.0115,17.0,0.0,0.4477,0.0,distractor_bowl,1,1,0
0,g,24,0.642,-0.05,0.2,-0.18087,0.31796,6,-0.019,-0.062,0.0648,0.039,-0.014,1,26.0,0.0624,0.071,0.0688,0.0287,0.9119,6.0,0.0001,0.0548,0.0505,-1.0,0.0,0.4746,0.0,ramekin,0,1,2
0,g,25,0.642,-0.05,0.2,-0.18087,0.31796,6,-0.023,-0.064,0.068,0.029,-0.024,1,25.0,0.09,0.0881,0.0178,0.0178,0.912,4.0,0.0002,0.0088,0.0068,-1.0,0.0,0.4787,0.0,distractor_bowl,0,1,1
0,g,3,0.642,-0.05,0.2,-0.18087,0.31796,6,-0.032,-0.071,0.0779,0.014,-0.039,1,33.0,0.0668,0.0687,0.0759,0.0272,0.9118,7.0,0.0002,0.0265,0.0262,-1.0,0.0,0.5,0.0,distractor_bowl,0,1,1
0,g,4,0.642,-0.05,0.2,-0.18087,0.31796,6,-0.02,-0.063,0.0661,0.031,-0.022,1,27.0,0.0808,0.0815,0.0336,0.0202,0.9118,4.0,0.0008,0.0092,0.0033,16.0,0.0,0.5,0.0,ramekin,0,1,0
0,g,5,0.642,-0.05,0.2,-0.18087,0.31796,6,-0.021,-0.063,0.0664,0.03,-0.023,1,22.0,0.0511,0.0648,0.0283,0.0156,0.912,4.0,0.0,0.0089,0.0089,-1.0,0.0,0.2074,0.0,distractor_bowl,0,1,1
0,g,6,0.642,-0.05,0.2,-0.18087,0.31796,6,-0.02,-0.063,0.0661,0.041,-0.012,1,150.0,0.0713,0.1286,0.1512,-1.0,-1.0,30.0,0.0139,0.2161,0.2146,-1.0,0.0,0.5,0.0,distractor_bowl,0,0,0
0,g,7,0.642,-0.05,0.2,-0.18087,0.31796,5,-0.021,-0.066,0.0693,0.04,-0.013,1,31.0,0.0643,0.154,0.0616,0.018,0.9117,6.0,0.0003,0.0308,0.0226,-1.0,0.0,0.5,0.0,distractor_bowl,0,1,1
0,g,8,0.642,-0.05,0.2,-0.18087,0.31796,6,-0.017,-0.064,0.0662,0.041,-0.012,1,22.0,0.0728,0.0825,0.0004,0.0153,0.9117,4.0,0.001,0.0049,0.0048,-1.0,0.0,0.5,0.0,distractor_bowl,0,1,1
0,g,9,0.642,-0.05,0.2,-0.18087,0.31796,6,-0.027,-0.068,0.0732,0.02,-0.033,1,31.0,0.0728,0.0817,0.0694,0.0422,0.9118,5.0,0.0001,0.0519,0.0519,-1.0,0.0,0.5,0.0,distractor_bowl,0,1,2
0,h,1,0.642,-0.05,0.2,-0.18087,0.31796,6,-0.02,-0.063,0.0661,0.038,-0.015,1,28.0,0.08,0.0811,0.0209,0.0218,0.9115,5.0,0.0006,0.0163,0.0137,17.0,0.0,0.4586,0.0,distractor_bowl,0,1,0
0,h,10,0.642,-0.05,0.2,-0.18087,0.31796,6,-0.025,-0.062,0.0669,0.025,-0.028,1,73.0,0.0792,0.0693,0.0178,0.0178,0.9062,13.0,0.0102,0.0869,0.0869,71.0,0.0,0.5,0.0046,cookies,0,1,0
0,h,11,0.642,-0.05,0.2,-0.18087,0.31796,6,-0.021,-0.066,0.0693,0.031,-0.022,1,150.0,0.0853,0.3544,0.2208,-1.0,-1.0,4.0,0.0,0.0639,0.0639,-1.0,14.0,0.4593,0.0,distractor_bowl,0,0,0
0,h,12,0.642,-0.05,0.2,-0.18087,0.31796,6,-0.021,-0.063,0.0664,0.039,-0.014,1,26.0,0.0827,0.0755,0.024,0.021,0.9117,4.0,0.0007,0.0061,0.0127,15.0,0.0,0.4895,0.0,distractor_bowl,0,1,0
0,h,13,0.642,-0.05,0.2,-0.18087,0.31796,6,-0.029,-0.068,0.0739,0.016,-0.037,1,26.0,0.0759,0.0749,0.0292,0.0157,0.9132,6.0,0.0005,0.0285,0.0291,15.0,0.0,0.5,0.0,distractor_bowl,0,1,0
0,h,14,0.642,-0.05,0.2,-0.18087,0.31796,6,-0.016,-0.067,0.0689,0.034,-0.019,1,16.0,0.0635,0.0704,0.0059,0.0059,0.912,2.0,0.0,0.0014,0.0014,11.0,0.0,0.5,0.0,distractor_bowl,1,1,0
0,h,15,0.642,-0.05,0.2,-0.18087,0.31796,6,-0.024,-0.062,0.0665,0.034,-0.019,1,26.0,0.0803,0.0708,0.0643,0.0147,0.9117,3.0,0.0007,0.0434,0.0434,-1.0,0.0,0.5,0.0,distractor_bowl,0,1,1
0,h,16,0.642,-0.05,0.2,-0.18087,0.31796,6,-0.021,-0.062,0.0655,0.037,-0.016,1,25.0,0.0806,0.0774,0.0328,0.0099,0.9117,3.0,0.0002,0.0016,0.0016,-1.0,0.0,0.1566,0.0,distractor_bowl,0,1,1
0,h,17,0.642,-0.05,0.2,-0.18087,0.31796,6,-0.026,-0.066,0.0709,0.03,-0.023,1,41.0,0.0876,0.0889,0.0109,0.022,0.9109,10.0,0.0024,0.0426,0.0411,-1.0,0.0,0.5,0.0,distractor_bowl,0,1,3
0,h,18,0.642,-0.05,0.2,-0.18087,0.31796,8,-0.003,-0.05,0.0501,0.04,-0.013,1,18.0,0.0397,0.0703,0.0045,0.0045,0.9119,2.0,0.0,0.005,0.005,14.0,0.0,0.5,0.0,distractor_bowl,0,1,0
0,h,19,0.642,-0.05,0.2,-0.18087,0.31796,6,-0.015,-0.066,0.0677,0.042,-0.011,1,25.0,0.0816,0.0716,0.0276,0.005,0.9132,2.0,0.0001,0.0252,0.023,-1.0,0.0,0.3019,0.0,distractor_bowl,0,1,1
0,h,2,0.642,-0.05,0.2,-0.18087,0.31796,6,-0.021,-0.069,0.0721,0.034,-0.019,1,22.0,0.0465,0.0617,0.0109,0.0052,0.9118,3.0,0.0001,0.0019,0.0018,11.0,0.0,0.5,0.0,distractor_bowl,1,1,0
0,h,20,0.642,-0.05,0.2,-0.18087,0.31796,6,-0.025,-0.066,0.0706,0.026,-0.027,1,30.0,0.0789,0.0877,0.0209,0.0135,0.9135,6.0,0.0004,0.0116,0.0162,19.0,0.0,0.5,0.0,distractor_bowl,0,1,1
0,h,21,0.642,-0.05,0.2,-0.18087,0.31796,6,-0.029,-0.063,0.0694,0.024,-0.029,1,32.0,0.0916,0.0912,0.0123,0.0065,0.9118,4.0,0.0003,0.0065,0.0063,21.0,0.0,0.5,0.0,distractor_bowl,1,1,0
0,h,22,0.642,-0.05,0.2,-0.18087,0.31796,7,-0.012,-0.058,0.0592,0.038,-0.015,1,24.0,0.0364,0.0701,0.0251,0.0237,0.9116,4.0,0.001,0.0085,0.0085,-1.0,0.0,0.5,0.0,distractor_bowl,0,1,1
0,h,23,0.642,-0.05,0.2,-0.18087,0.31796,6,-0.008,-0.061,0.0615,0.04,-0.013,1,46.0,0.0462,0.0569,0.0287,0.0315,0.9071,8.0,0.0083,0.1332,0.1332,35.0,0.0,0.47,0.0,distractor_bowl,0,1,1
0,h,24,0.642,-0.05,0.2,-0.18087,0.31796,6,-0.028,-0.066,0.0717,0.028,-0.025,1,69.0,0.0888,0.0921,0.0327,0.029,0.9116,12.0,0.0033,0.0574,0.0716,58.0,0.0,0.5,0.0,distractor_bowl,0,1,0
0,h,25,0.642,-0.05,0.2,-0.18087,0.31796,6,-0.022,-0.066,0.0696,0.038,-0.015,1,29.0,0.0709,0.0743,0.0177,0.0131,0.9118,4.0,0.0002,0.0154,0.0153,18.0,0.0,0.5,0.0,distractor_bowl,0,1,0
0,h,3,0.642,-0.05,0.2,-0.18087,0.31796,6,-0.014,-0.065,0.0665,0.042,-0.011,1,27.0,0.0741,0.0707,0.0425,0.0258,0.9115,5.0,0.0037,0.0517,0.0768,16.0,0.0,0.5,0.0,distractor_bowl,0,1,0
0,h,4,0.642,-0.05,0.2,-0.18087,0.31796,6,-0.021,-0.066,0.0693,0.038,-0.015,1,33.0,0.0713,0.0691,0.0273,0.0112,0.9119,5.0,0.0005,0.0063,0.0162,22.0,0.0,0.5,0.0,distractor_bowl,0,1,1
0,h,5,0.642,-0.05,0.2,-0.18087,0.31796,6,-0.028,-0.06,0.0662,0.024,-0.029,1,24.0,0.0891,0.0842,0.014,0.0087,0.9119,2.0,0.0001,0.015,0.0158,13.0,0.0,0.2104,0.0,distractor_bowl,0,1,0
0,h,6,0.642,-0.05,0.2,-0.18087,0.31796,6,-0.002,-0.047,0.047,0.039,-0.014,1,32.0,0.0486,0.0728,0.0223,0.0413,0.9119,9.0,0.0005,0.0456,0.0425,-1.0,0.0,0.4842,0.0,distractor_bowl,0,1,2
0,h,7,0.642,-0.05,0.2,-0.18087,0.31796,6,-0.029,-0.065,0.0712,0.011,-0.042,1,28.0,0.0779,0.0797,0.0728,0.0258,0.9119,5.0,0.0003,0.0414,0.0414,-1.0,0.0,0.2672,0.0,distractor_bowl,0,1,1
0,h,8,0.642,-0.05,0.2,-0.18087,0.31796,5,-0.02,-0.067,0.0699,0.041,-0.012,1,32.0,0.0589,0.0878,0.023,0.0294,0.9117,6.0,0.0004,0.018,0.0161,-1.0,0.0,0.5,0.0,distractor_bowl,0,1,2
0,h,9,0.642,-0.05,0.2,-0.18087,0.31796,6,-0.031,-0.064,0.0711,0.015,-0.038,1,26.0,0.0744,0.0944,0.0509,0.0139,0.9118,5.0,0.0002,0.0128,0.0128,-1.0,0.0,0.3082,0.0,distractor_bowl,0,1,1
1,g,1,0.5769,-0.18,0.32,0.13,-0.07,8,0.014,0.016,0.0213,0.04,-0.013,1,42.0,0.1222,0.0989,0.0292,0.0286,0.9164,9.0,0.0003,0.0442,0.0198,31.0,0.0,0.5,0.009,ramekin,0,1,0
1,g,10,0.5769,-0.18,0.32,0.13,-0.07,10,0.01,0.05,0.051,0.026,-0.027,1,150.0,0.1238,0.1051,0.084,-1.0,-1.0,10.0,0.0021,0.1404,0.1404,-1.0,686.0,0.5,0.0068,cookies,0,0,0
1,g,11,0.5769,-0.18,0.32,0.13,-0.07,39,-0.024,-0.029,0.0376,0.026,-0.027,1,150.0,0.1677,0.0683,0.0789,-1.0,-1.0,33.0,0.0138,0.1742,0.1742,-1.0,0.0,0.5,0.0233,cookies,0,0,0
1,g,12,0.5769,-0.18,0.32,0.13,-0.07,10,-0.001,0.043,0.043,0.038,-0.015,1,30.0,0.1258,0.0826,0.0029,0.0157,0.9119,6.0,0.0019,0.0126,0.0126,19.0,0.0,0.5,0.0004,distractor_bowl,0,1,0
1,g,13,0.5769,-0.18,0.32,0.13,-0.07,8,0.016,0.028,0.0322,0.037,-0.016,1,33.0,0.1253,0.1055,0.0629,0.0126,0.9123,9.0,0.0026,0.1082,0.1082,-1.0,0.0,0.5,0.0155,cookies,0,1,1
1,g,14,0.5769,-0.18,0.32,0.13,-0.07,8,0.013,0.027,0.03,0.037,-0.016,1,150.0,0.1337,0.1095,0.0991,-1.0,-1.0,13.0,0.0132,0.1825,0.1823,-1.0,556.0,0.5,0.0085,ramekin,0,0,0
1,g,15,0.5769,-0.18,0.32,0.13,-0.07,8,0.012,0.024,0.0268,0.041,-0.012,1,81.0,0.1145,0.1362,0.0378,0.0403,0.9069,15.0,0.0137,0.0825,0.0825,-1.0,0.0,0.5,0.0165,cookies,0,1,1
1,g,16,0.5769,-0.18,0.32,0.13,-0.07,9,0.03,0.02,0.0361,0.039,-0.014,1,39.0,0.1346,0.1177,0.0536,0.0455,0.9113,6.0,0.0031,0.0922,0.0922,-1.0,2.0,0.5,0.0168,cookies,0,1,1
1,g,17,0.5769,-0.18,0.32,0.13,-0.07,74,-0.013,0.004,0.0136,0.024,-0.029,1,150.0,0.1252,0.0584,0.0702,-1.0,-1.0,17.0,0.0013,0.0647,0.0647,-1.0,0.0,0.5,0.0048,ramekin,0,0,0
1,g,18,0.5769,-0.18,0.32,0.13,-0.07,9,-0.007,0.051,0.0515,0.04,-0.013,1,46.0,0.1193,0.1039,0.0582,0.0479,0.9117,8.0,0.001,0.0597,0.0587,-1.0,0.0,0.5,0.0291,ramekin,0,1,1
1,g,19,0.5769,-0.18,0.32,0.13,-0.07,8,0.01,0.01,0.0141,0.039,-0.014,1,150.0,0.1254,0.1625,0.1183,-1.0,-1.0,10.0,0.0003,0.1658,0.1658,-1.0,630.0,0.5,0.0194,cookies,0,0,0
1,g,2,0.5769,-0.18,0.32,0.13,-0.07,8,0.018,0.018,0.0255,0.041,-0.012,1,35.0,0.1216,0.0994,0.0316,0.0444,0.9114,5.0,0.0011,0.0415,0.0402,24.0,0.0,0.5,0.0045,ramekin,0,1,1
1,g,20,0.5769,-0.18,0.32,0.13,-0.07,9,0.006,0.041,0.0414,0.039,-0.014,1,31.0,0.127,0.1202,0.0223,0.0223,0.9118,8.0,0.0001,0.0093,0.0093,22.0,0.0,0.5,0.0004,distractor_bowl,0,1,0
1,g,21,0.5769,-0.18,0.32,0.13,-0.07,9,0.014,0.041,0.0433,0.038,-0.015,1,36.0,0.1254,0.1055,0.0485,0.0241,0.9169,9.0,0.01,0.1154,0.1154,-1.0,0.0,0.5,0.0004,distractor_bowl,0,1,1
1,g,22,0.5769,-0.18,0.32,0.13,-0.07,8,0.008,0.029,0.0301,0.041,-0.012,1,40.0,0.1034,0.0847,0.0119,0.0064,0.9119,8.0,0.0011,0.0094,0.0062,-1.0,0.0,0.5,0.0293,ramekin,0,1,2
1,g,23,0.5769,-0.18,0.32,0.13,-0.07,8,0.011,0.037,0.0386,0.038,-0.015,1,150.0,0.1343,0.1137,0.1729,-1.0,-1.0,18.0,0.0083,0.2391,0.2391,-1.0,508.0,0.5,0.06,cookies,0,0,0
1,g,24,0.5769,-0.18,0.32,0.13,-0.07,132,-0.006,0.025,0.0257,0.032,-0.021,1,150.0,0.1605,0.175,0.2195,-1.0,-1.0,22.0,0.0,0.0,0.0,-1.0,8.0,0.5,0.0004,distractor_bowl,0,0,0
1,g,25,0.5769,-0.18,0.32,0.13,-0.07,9,0.007,0.031,0.0318,0.04,-0.013,1,30.0,0.1279,0.097,0.0119,0.0139,0.9117,5.0,0.0002,0.0095,0.0109,19.0,0.0,0.5,0.0032,ramekin,0,1,0
1,g,3,0.5769,-0.18,0.32,0.13,-0.07,9,0.004,0.04,0.0402,0.041,-0.012,1,32.0,0.1231,0.1013,0.0089,0.002,0.9119,7.0,0.001,0.0498,0.0498,-1.0,0.0,0.5,0.0006,ramekin,0,1,1
1,g,4,0.5769,-0.18,0.32,0.13,-0.07,48,-0.017,0.005,0.0177,0.019,-0.034,1,150.0,0.1504,0.1834,0.1202,-1.0,-1.0,11.0,0.0,0.0257,0.017,-1.0,0.0,0.5,0.0004,distractor_bowl,0,0,0
1,g,5,0.5769,-0.18,0.32,0.13,-0.07,10,-0.003,0.023,0.0232,0.032,-0.021,1,133.0,0.1019,0.0966,0.0765,0.0396,0.9077,24.0,0.0139,0.0766,0.0713,-1.0,0.0,0.4999,0.0072,cookies,0,1,1
1,g,6,0.5769,-0.18,0.32,0.13,-0.07,8,0.01,0.023,0.0251,0.041,-0.012,1,51.0,0.1192,0.1016,0.0201,0.0095,0.9109,16.0,0.0064,0.0688,0.0688,-1.0,0.0,0.5,0.0183,ramekin,0,1,1
1,g,7,0.5769,-0.18,0.32,0.13,-0.07,29,-0.042,0.037,0.056,0.015,-0.038,1,49.0,0.1665,0.0631,0.0029,0.0039,0.9119,5.0,0.0,0.0042,0.0042,40.0,0.0,0.5,0.0004,distractor_bowl,1,1,0
1,g,8,0.5769,-0.18,0.32,0.13,-0.07,8,0.011,0.028,0.0301,0.04,-0.013,1,46.0,0.1233,0.0996,0.0382,0.0457,0.9118,8.0,0.0005,0.0541,0.051,35.0,0.0,0.5,0.0006,ramekin,0,1,3
1,g,9,0.5769,-0.18,0.32,0.13,-0.07,69,-0.007,0.042,0.0426,0.012,-0.041,1,135.0,0.1137,0.0499,0.0347,-1.0,-1.0,14.0,0.0018,0.0143,0.0141,-1.0,0.0,0.5,0.0023,ramekin,0,0,0
1,h,1,0.5769,-0.18,0.32,0.13,-0.07,82,-0.006,0.019,0.0199,0.031,-0.022,1,127.0,0.1159,0.0796,0.0668,0.0361,0.9107,21.0,0.0021,0.1058,0.1058,-1.0,0.0,0.5,0.0539,ramekin,0,1,1
1,h,10,0.5769,-0.18,0.32,0.13,-0.07,8,0.024,0.031,0.0392,0.041,-0.012,1,37.0,0.1163,0.1247,0.0337,0.0348,0.9117,8.0,0.0002,0.0357,0.0132,27.0,0.0,0.5,0.0071,ramekin,0,1,0
1,h,11,0.5769,-0.18,0.32,0.13,-0.07,31,0.031,0.022,0.038,0.031,-0.022,1,122.0,0.1594,0.0828,0.062,0.0485,0.912,12.0,0.0116,0.0736,0.0268,-1.0,0.0,0.5,0.0004,distractor_bowl,0,1,1
1,h,12,0.5769,-0.18,0.32,0.13,-0.07,11,-0.002,0.055,0.055,0.04,-0.013,1,150.0,0.0198,0.4443,0.3391,-1.0,-1.0,2.0,0.0001,0.0,0.0,-1.0,0.0,0.5,0.397,ramekin,0,0,0
1,h,13,0.5769,-0.18,0.32,0.13,-0.07,9,0.009,0.039,0.04,0.04,-0.013,1,49.0,0.128,0.0931,0.0578,-1.0,-1.0,8.0,0.0047,0.1081,0.1081,-1.0,99.0,0.5,0.0038,cookies,0,0,0
1,h,14,0.5769,-0.18,0.32,0.13,-0.07,8,0.013,0.026,0.0291,0.039,-0.014,1,31.0,0.1307,0.1007,0.0501,0.0295,0.9112,8.0,0.0007,0.037,0.037,-1.0,0.0,0.5,0.0056,ramekin,0,1,2
1,h,15,0.5769,-0.18,0.32,0.13,-0.07,8,0.024,0.041,0.0475,0.04,-0.013,1,62.0,0.118,0.1245,0.0499,0.0401,0.9117,13.0,0.0006,0.0711,0.0711,-1.0,0.0,0.5,0.0078,cookies,0,1,1
1,h,16,0.5769,-0.18,0.32,0.13,-0.07,8,0.011,0.01,0.0149,0.039,-0.014,1,150.0,0.1285,0.657,0.2043,-1.0,-1.0,8.0,0.0,1.6746,1.6746,-1.0,0.0,0.5,0.391,ramekin,0,0,0
1,h,17,0.5769,-0.18,0.32,0.13,-0.07,8,0.021,0.02,0.029,0.038,-0.015,1,150.0,0.1175,0.0977,0.0621,-1.0,-1.0,4.0,0.0014,0.1041,0.1041,-1.0,922.0,0.5,0.0187,cookies,0,0,0
1,h,18,0.5769,-0.18,0.32,0.13,-0.07,8,0.016,0.024,0.0288,0.041,-0.012,1,50.0,0.1227,0.1013,0.0314,0.0243,0.9171,13.0,0.0005,0.0366,0.0366,-1.0,0.0,0.5,0.0034,ramekin,0,1,3
1,h,19,0.5769,-0.18,0.32,0.13,-0.07,8,0.015,0.027,0.0309,0.038,-0.015,1,32.0,0.1271,0.105,0.0311,0.0121,0.9119,6.0,0.0011,0.0526,0.0519,-1.0,0.0,0.5,0.0058,ramekin,0,1,1
1,h,2,0.5769,-0.18,0.32,0.13,-0.07,9,0.012,0.04,0.0418,0.04,-0.013,1,28.0,0.1223,0.0907,0.0283,0.0283,0.9117,5.0,0.0024,0.0036,0.0036,19.0,0.0,0.5,0.0004,distractor_bowl,1,1,0
1,h,20,0.5769,-0.18,0.32,0.13,-0.07,10,-0.005,0.038,0.0383,0.038,-0.015,1,150.0,0.13,0.08,0.2304,-1.0,-1.0,34.0,0.0139,0.1747,0.1747,-1.0,0.0,0.4989,0.0367,ramekin,0,0,0
1,h,21,0.5769,-0.18,0.32,0.13,-0.07,8,0.006,0.034,0.0345,0.042,-0.011,1,150.0,0.1154,0.2409,0.1451,-1.0,-1.0,8.0,0.0,0.079,0.079,-1.0,0.0,0.4421,0.0308,ramekin,0,0,0
1,h,22,0.5769,-0.18,0.32,0.13,-0.07,43,-0.011,0.011,0.0156,0.033,-0.02,1,150.0,0.1218,0.2259,0.1738,-1.0,-1.0,14.0,0.0,0.1642,0.1642,-1.0,0.0,0.5,0.0156,ramekin,0,0,0
1,h,23,0.5769,-0.18,0.32,0.13,-0.07,8,0.017,0.017,0.024,0.041,-0.012,1,30.0,0.1317,0.1171,0.0264,0.0069,0.9118,6.0,0.0002,0.0441,0.0441,-1.0,0.0,0.5,0.0072,ramekin,0,1,1
1,h,24,0.5769,-0.18,0.32,0.13,-0.07,11,-0.007,0.036,0.0367,0.041,-0.012,1,37.0,0.1289,0.0807,0.0486,0.0486,0.9119,8.0,0.0,0.0469,0.0469,28.0,0.0,0.5,0.007,ramekin,0,1,0
1,h,25,0.5769,-0.18,0.32,0.13,-0.07,9,-0.004,0.043,0.0432,0.04,-0.013,1,101.0,0.1217,0.0968,0.0153,0.0251,0.907,19.0,0.0139,0.0973,0.0973,-1.0,0.0,0.5,0.0013,cookies,0,1,1
1,h,3,0.5769,-0.18,0.32,0.13,-0.07,13,-0.004,0.043,0.0432,0.042,-0.011,1,33.0,0.1274,0.0928,0.0381,0.0231,0.9121,9.0,0.002,0.046,0.046,-1.0,0.0,0.5,0.0046,ramekin,0,1,1
1,h,4,0.5769,-0.18,0.32,0.13,-0.07,-1,,,,,,0,150.0,0.0996,0.0,0.2125,-1.0,-1.0,9.0,0.0,0.0,0.0,-1.0,0.0,0.5,0.0004,distractor_bowl,0,0,0
1,h,5,0.5769,-0.18,0.32,0.13,-0.07,8,0.016,0.019,0.0248,0.037,-0.016,1,150.0,0.1254,0.0943,0.1162,0.0507,0.9133,15.0,0.0083,0.1776,0.1776,-1.0,614.0,0.5,0.0233,cookies,0,0,0
1,h,6,0.5769,-0.18,0.32,0.13,-0.07,12,-0.018,0.038,0.042,0.038,-0.015,1,44.0,0.1318,0.0722,0.0275,0.0249,0.9115,7.0,0.0006,0.033,0.0328,33.0,0.0,0.5,0.0106,ramekin,0,1,0
1,h,7,0.5769,-0.18,0.32,0.13,-0.07,12,-0.014,0.038,0.0405,0.04,-0.013,1,111.0,0.1298,0.1268,0.0352,0.0217,0.9088,20.0,0.0139,0.1151,0.1151,-1.0,0.0,0.5,0.01,cookies,0,1,1
1,h,8,0.5769,-0.18,0.32,0.13,-0.07,35,-0.009,0.001,0.0091,0.022,-0.031,1,68.0,0.163,0.045,0.0328,0.0435,0.9103,8.0,0.0132,0.0742,0.0742,-1.0,0.0,0.5,0.0004,distractor_bowl,0,1,1
1,h,9,0.5769,-0.18,0.32,0.13,-0.07,12,-0.004,0.046,0.0462,0.038,-0.015,1,29.0,0.1239,0.0801,0.0082,0.0082,0.9118,4.0,0.0008,0.0024,0.0024,20.0,0.0,0.5,0.0026,ramekin,1,1,0
2,g,1,0.585,-0.075,0.0,0.01,0.31,6,-0.007,0.026,0.0269,0.027,-0.026,1,27.0,0.1262,0.1072,0.0358,0.0426,0.9115,4.0,0.0007,0.0026,0.0022,16.0,0.0,0.5,0.0165,distractor_bowl,0,1,0
2,g,10,0.585,-0.075,0.0,0.01,0.31,5,-0.004,0.025,0.0253,0.038,-0.015,1,24.0,0.1457,0.1064,0.0353,0.0379,0.914,3.0,0.0,0.0007,0.0003,13.0,0.0,0.5,0.0,distractor_bowl,1,1,0
2,g,11,0.585,-0.075,0.0,0.01,0.31,6,-0.01,0.021,0.0233,0.028,-0.025,1,26.0,0.151,0.1126,0.0403,0.0397,0.9169,2.0,0.0,0.0038,0.0038,-1.0,0.0,0.5,0.0,distractor_bowl,0,1,1
2,g,12,0.585,-0.075,0.0,0.01,0.31,5,-0.005,0.028,0.0284,0.039,-0.014,1,150.0,0.1346,0.1048,0.0763,-1.0,-1.0,9.0,0.0,0.0587,0.0579,-1.0,0.0,0.5,0.0188,distractor_bowl,0,0,0
2,g,13,0.585,-0.075,0.0,0.01,0.31,5,-0.003,0.023,0.0232,0.037,-0.016,1,150.0,0.1452,0.1108,0.0547,-1.0,-1.0,9.0,0.0138,0.1693,0.1693,-1.0,68.0,0.5,0.0536,distractor_bowl,0,0,0
2,g,14,0.585,-0.075,0.0,0.01,0.31,6,-0.01,0.024,0.026,0.025,-0.028,1,150.0,0.1465,0.2694,0.1186,-1.0,-1.0,3.0,0.0,0.1104,0.1104,-1.0,0.0,0.5,0.1139,ramekin,0,0,0
2,g,15,0.585,-0.075,0.0,0.01,0.31,6,-0.005,0.027,0.0275,0.03,-0.023,1,150.0,0.1348,0.1042,0.08,-1.0,-1.0,7.0,0.0008,0.0486,0.0468,-1.0,0.0,0.5,0.0225,distractor_bowl,0,0,0
2,g,16,0.585,-0.075,0.0,0.01,0.31,6,-0.007,0.025,0.026,0.027,-0.026,1,150.0,0.1312,0.2767,0.2847,-1.0,-1.0,2.0,0.0,0.1215,0.1215,-1.0,0.0,0.5,0.043,distractor_bowl,0,0,0
2,g,17,0.585,-0.075,0.0,0.01,0.31,5,-0.005,0.026,0.0265,0.042,-0.011,1,24.0,0.1326,0.1032,0.0606,0.0439,0.9142,3.0,0.0,0.0136,0.0136,-1.0,0.0,0.5,0.0112,distractor_bowl,0,1,1
2,g,18,0.585,-0.075,0.0,0.01,0.31,5,-0.004,0.027,0.0273,0.04,-0.013,1,150.0,0.1326,0.0995,0.0748,-1.0,-1.0,11.0,0.0009,0.0537,0.0537,-1.0,0.0,0.5,0.021,distractor_bowl,0,0,0
2,g,19,0.585,-0.075,0.0,0.01,0.31,6,-0.008,0.025,0.0262,0.028,-0.025,1,30.0,0.1373,0.0907,0.0496,0.0452,0.9114,2.0,0.0007,0.009,0.0091,19.0,0.0,0.5,0.0,distractor_bowl,0,1,1
2,g,2,0.585,-0.075,0.0,0.01,0.31,5,-0.006,0.03,0.0306,0.042,-0.011,1,27.0,0.1187,0.0915,0.0414,0.0401,0.914,3.0,0.0,0.0016,0.0016,16.0,0.0,0.5,0.0228,distractor_bowl,0,1,0
2,g,20,0.585,-0.075,0.0,0.01,0.31,6,-0.011,0.029,0.031,0.02,-0.033,1,150.0,0.138,0.1374,0.017,-1.0,-1.0,7.0,0.0138,0.1367,0.1174,-1.0,25.0,0.5,0.016,distractor_bowl,0,0,0
2,g,21,0.585,-0.075,0.0,0.01,0.31,5,-0.002,0.025,0.0251,0.039,-0.014,1,23.0,0.1378,0.1098,0.0434,0.0431,0.9136,2.0,0.0001,0.0024,0.0023,13.0,0.0,0.5,0.0045,distractor_bowl,1,1,0
2,g,22,0.585,-0.075,0.0,0.01,0.31,6,-0.006,0.02,0.0209,0.028,-0.025,1,26.0,0.1373,0.0935,0.032,0.0373,0.9157,3.0,0.0,0.0003,0.0002,15.0,0.0,0.5,0.0,distractor_bowl,1,1,0
2,g,23,0.585,-0.075,0.0,0.01,0.31,6,-0.015,0.032,0.0353,0.019,-0.034,1,25.0,0.1352,0.0876,0.0406,0.0379,0.9157,3.0,0.0006,0.002,0.0019,14.0,0.0,0.5,0.0134,distractor_bowl,0,1,0
2,g,24,0.585,-0.075,0.0,0.01,0.31,5,-0.002,0.026,0.0261,0.039,-0.014,1,29.0,0.1259,0.11,0.0635,0.0487,0.9111,3.0,0.0018,0.0061,0.0061,-1.0,0.0,0.5,0.0089,distractor_bowl,0,1,2
2,g,25,0.585,-0.075,0.0,0.01,0.31,6,-0.008,0.023,0.0244,0.026,-0.027,1,150.0,0.1334,0.087,0.0749,0.0512,0.9115,3.0,0.0014,0.0504,0.0484,-1.0,0.0,0.5,0.0083,distractor_bowl,0,0,0
2,g,3,0.585,-0.075,0.0,0.01,0.31,6,-0.012,0.021,0.0242,0.028,-0.025,1,150.0,0.1385,0.1336,0.1269,-1.0,-1.0,21.0,0.0,0.0684,0.0684,-1.0,0.0,0.5,0.012,distractor_bowl,0,0,0
2,g,4,0.585,-0.075,0.0,0.01,0.31,6,-0.006,0.025,0.0257,0.031,-0.022,1,33.0,0.1357,0.0859,0.0365,0.0419,0.913,3.0,0.0,0.0031,0.0021,22.0,0.0,0.5,0.0153,distractor_bowl,0,1,0
2,g,5,0.585,-0.075,0.0,0.01,0.31,5,-0.006,0.029,0.0296,0.039,-0.014,1,63.0,0.1283,0.1066,0.0477,0.0409,0.9148,6.0,0.0,0.0213,0.0212,52.0,0.0,0.5,0.0228,distractor_bowl,0,1,0
2,g,6,0.585,-0.075,0.0,0.01,0.31,6,-0.008,0.021,0.0225,0.027,-0.026,1,150.0,0.1383,0.1022,0.0869,-1.0,-1.0,7.0,0.0007,0.0478,0.0478,-1.0,0.0,0.5,0.0296,distractor_bowl,0,0,0
2,g,7,0.585,-0.075,0.0,0.01,0.31,5,-0.005,0.027,0.0275,0.04,-0.013,1,25.0,0.136,0.1051,0.0322,0.0391,0.9144,2.0,0.0,0.0008,0.0007,14.0,0.0,0.5,0.0037,distractor_bowl,1,1,0
2,g,8,0.585,-0.075,0.0,0.01,0.31,5,-0.005,0.024,0.0245,0.042,-0.011,1,25.0,0.1468,0.1051,0.0521,0.0403,0.9177,3.0,0.0008,0.01,0.01,-1.0,0.0,0.5,0.0212,distractor_bowl,0,1,1
2,g,9,0.585,-0.075,0.0,0.01,0.31,6,-0.012,0.026,0.0286,0.022,-0.031,1,24.0,0.1314,0.0838,0.0465,0.0356,0.9119,2.0,0.0008,0.0038,0.0038,13.0,0.0,0.5,0.0095,distractor_bowl,0,1,0
2,h,1,0.585,-0.075,0.0,0.01,0.31,5,-0.004,0.027,0.0273,0.042,-0.011,1,24.0,0.1393,0.1059,0.0691,0.0454,0.9152,4.0,0.0008,0.0125,0.0111,-1.0,0.0,0.5,0.0,distractor_bowl,0,1,1
2,h,10,0.585,-0.075,0.0,0.01,0.31,5,-0.01,0.025,0.0269,0.039,-0.014,1,150.0,0.1334,0.0956,0.0995,-1.0,-1.0,18.0,0.0,0.0863,0.0861,-1.0,0.0,0.5,0.0083,cookies,0,0,0
2,h,11,0.585,-0.075,0.0,0.01,0.31,5,-0.007,0.025,0.026,0.038,-0.015,1,150.0,0.1289,0.1009,0.1068,-1.0,-1.0,7.0,0.0,0.1319,0.1319,-1.0,0.0,0.5,0.0142,distractor_bowl,0,0,0
2,h,12,0.585,-0.075,0.0,0.01,0.31,5,-0.0,0.024,0.024,0.038,-0.015,1,50.0,0.139,0.1122,0.0344,0.0345,0.9177,9.0,0.0002,0.0047,0.0045,-1.0,0.0,0.5,0.0071,distractor_bowl,0,1,2
2,h,13,0.585,-0.075,0.0,0.01,0.31,5,-0.007,0.027,0.0279,0.036,-0.017,1,48.0,0.1394,0.0983,0.0244,0.0214,0.9173,14.0,0.0002,0.0071,0.0068,-1.0,0.0,0.5,0.0118,distractor_bowl,0,1,1
2,h,14,0.585,-0.075,0.0,0.01,0.31,5,-0.005,0.026,0.0265,0.04,-0.013,1,67.0,0.1336,0.0974,0.0515,0.0458,0.9117,12.0,0.0016,0.0239,0.0216,-1.0,0.0,0.5,0.0201,distractor_bowl,0,1,1
2,h,15,0.585,-0.075,0.0,0.01,0.31,5,-0.004,0.025,0.0253,0.041,-0.012,1,29.0,0.1311,0.1036,0.0557,0.0483,0.9132,2.0,0.0009,0.0068,0.0068,-1.0,0.0,0.5,0.0155,distractor_bowl,0,1,1
2,h,16,0.585,-0.075,0.0,0.01,0.31,6,-0.009,0.026,0.0275,0.026,-0.027,1,133.0,0.129,0.1319,0.0442,0.0452,0.9144,7.0,0.0002,0.0291,0.0255,123.0,0.0,0.5,0.0363,distractor_bowl,0,1,0
2,h,17,0.585,-0.075,0.0,0.01,0.31,6,-0.01,0.025,0.0269,0.026,-0.027,1,28.0,0.1331,0.1102,0.076,0.0335,0.915,3.0,0.0,0.0444,0.0444,-1.0,0.0,0.5,0.0213,distractor_bowl,0,1,1
2,h,18,0.585,-0.075,0.0,0.01,0.31,5,-0.009,0.026,0.0275,0.042,-0.011,1,24.0,0.1329,0.0964,0.0633,0.0401,0.9152,2.0,0.0,0.0221,0.0221,-1.0,0.0,0.5,0.0342,distractor_bowl,0,1,1
2,h,19,0.585,-0.075,0.0,0.01,0.31,6,-0.009,0.023,0.0247,0.027,-0.026,1,27.0,0.1411,0.0923,0.0165,0.0403,0.9131,3.0,0.0001,0.0053,0.0032,16.0,0.0,0.5,0.0079,distractor_bowl,0,1,0
2,h,2,0.585,-0.075,0.0,0.01,0.31,6,-0.01,0.028,0.0297,0.021,-0.032,1,26.0,0.1345,0.0927,0.0368,0.0483,0.9154,2.0,0.0,0.0019,0.0018,15.0,0.0,0.5,0.0068,distractor_bowl,0,1,0
2,h,20,0.585,-0.075,0.0,0.01,0.31,6,-0.013,0.029,0.0318,0.025,-0.028,1,25.0,0.139,0.0912,0.0278,0.0321,0.9152,2.0,0.0001,0.0004,0.0003,14.0,0.0,0.5,0.0,distractor_bowl,1,1,0
2,h,21,0.585,-0.075,0.0,0.01,0.31,6,-0.013,0.036,0.0383,0.018,-0.035,1,26.0,0.1361,0.1061,0.06,0.0473,0.9176,4.0,0.0,0.0029,0.0029,-1.0,0.0,0.5,0.0,distractor_bowl,0,1,1
2,h,22,0.585,-0.075,0.0,0.01,0.31,5,-0.004,0.025,0.0253,0.039,-0.014,1,150.0,0.0171,0.2012,0.2478,-1.0,-1.0,1.0,0.0,0.0574,0.0574,-1.0,0.0,0.5,0.0211,distractor_bowl,0,0,0
2,h,23,0.585,-0.075,0.0,0.01,0.31,5,-0.005,0.029,0.0294,0.041,-0.012,1,150.0,0.1336,0.1075,0.0254,-1.0,-1.0,21.0,0.0138,0.1907,0.1907,-1.0,1.0,0.5,0.0277,distractor_bowl,0,0,0
2,h,24,0.585,-0.075,0.0,0.01,0.31,6,-0.011,0.03,0.032,0.018,-0.035,1,150.0,0.1316,0.1462,0.0571,-1.0,-1.0,3.0,0.0023,0.0076,0.0076,-1.0,0.0,0.5,0.0309,distractor_bowl,0,0,0
2,h,25,0.585,-0.075,0.0,0.01,0.31,5,-0.003,0.028,0.0282,0.039,-0.014,1,150.0,0.0281,0.204,0.2312,-1.0,-1.0,3.0,0.0,0.1222,0.1222,-1.0,0.0,0.5,0.1135,distractor_bowl,0,0,0
2,h,3,0.585,-0.075,0.0,0.01,0.31,5,-0.006,0.026,0.0267,0.04,-0.013,1,24.0,0.1332,0.0947,0.099,0.0453,0.9159,2.0,0.0,0.0421,0.0421,-1.0,0.0,0.5,0.0044,distractor_bowl,0,1,1
2,h,4,0.585,-0.075,0.0,0.01,0.31,5,-0.002,0.028,0.0281,0.039,-0.014,1,24.0,0.1305,0.1074,0.0343,0.0469,0.9145,3.0,0.0,0.0012,0.0005,-1.0,0.0,0.5,0.0025,distractor_bowl,0,1,1
2,h,5,0.585,-0.075,0.0,0.01,0.31,5,-0.004,0.022,0.0224,0.039,-0.014,1,150.0,0.1432,0.1127,0.1095,-1.0,-1.0,12.0,0.0,0.111,0.111,-1.0,0.0,0.5,0.0206,cookies,0,0,0
2,h,6,0.585,-0.075,0.0,0.01,0.31,5,-0.006,0.028,0.0286,0.039,-0.014,1,27.0,0.1299,0.1024,0.0506,0.0183,0.9153,5.0,0.0012,0.0008,0.0008,-1.0,0.0,0.5,0.0139,distractor_bowl,0,1,1
2,h,7,0.585,-0.075,0.0,0.01,0.31,6,-0.01,0.024,0.026,0.028,-0.025,1,53.0,0.1249,0.104,0.0483,0.0494,0.9117,5.0,0.0006,0.0164,0.0048,43.0,0.0,0.5,0.0,distractor_bowl,0,1,0
2,h,8,0.585,-0.075,0.0,0.01,0.31,5,-0.008,0.026,0.0272,0.039,-0.014,1,24.0,0.1349,0.0934,0.0402,0.0423,0.9141,3.0,0.0011,0.0066,0.0021,13.0,0.0,0.5,0.0053,distractor_bowl,0,1,0
2,h,9,0.585,-0.075,0.0,0.01,0.31,6,-0.009,0.025,0.0266,0.025,-0.028,1,25.0,0.1404,0.0908,0.0334,0.0344,0.9144,2.0,0.0,0.0005,0.0002,14.0,0.0,0.5,0.0,distractor_bowl,1,1,0
3,g,1,0.7306,0.07,0.03,0.02573322,-0.29030457,7,-0.044,0.051,0.0674,-0.023,-0.076,1,18.0,0.0622,0.1085,0.0257,0.0257,0.9118,4.0,0.0001,0.0174,0.0174,15.0,0.0,0.5,0.0021,cookies,0,1,0
3,g,10,0.7306,0.07,0.03,0.02573322,-0.29030457,7,-0.048,0.048,0.0679,-0.029,-0.082,1,150.0,0.071,0.1058,0.1358,-1.0,-1.0,63.0,0.0145,0.0965,0.0965,-1.0,0.0,0.5,0.003,cookies,0,0,0
3,g,11,0.7306,0.07,0.03,0.02573322,-0.29030457,7,-0.045,0.047,0.0651,-0.023,-0.076,1,31.0,0.0639,0.1139,0.0558,0.0407,0.9112,5.0,0.0096,0.0143,0.0081,-1.0,0.0,0.5,0.0015,cookies,0,1,2
3,g,12,0.7306,0.07,0.03,0.02573322,-0.29030457,7,-0.041,0.057,0.0702,-0.027,-0.08,1,26.0,0.0737,0.1055,0.0631,0.009,0.912,8.0,0.0086,0.0214,0.016,-1.0,0.0,0.5,0.0018,cookies,0,1,1
3,g,13,0.7306,0.07,0.03,0.02573322,-0.29030457,7,-0.047,0.044,0.0644,-0.03,-0.083,1,150.0,0.0294,0.1815,0.1377,-1.0,-1.0,2.0,0.0,0.0198,0.0071,-1.0,0.0,0.5,0.0016,cookies,0,0,0
3,g,14,0.7306,0.07,0.03,0.02573322,-0.29030457,7,-0.044,0.049,0.0659,-0.022,-0.075,1,26.0,0.079,0.1021,0.0233,0.0213,0.9117,6.0,0.0003,0.0111,0.0111,16.0,0.0,0.5,0.0074,cookies,0,1,0
3,g,15,0.7306,0.07,0.03,0.02573322,-0.29030457,7,-0.043,0.053,0.0682,-0.028,-0.081,1,55.0,0.0628,0.114,0.0407,0.0491,0.9111,11.0,0.0032,0.0611,0.0582,-1.0,0.0,0.5,0.0014,cookies,0,1,2
3,g,16,0.7306,0.07,0.03,0.02573322,-0.29030457,7,-0.044,0.054,0.0697,-0.028,-0.081,1,40.0,0.0628,0.1156,0.0569,0.0371,0.9108,10.0,0.0012,0.0345,0.0345,-1.0,0.0,0.5,0.0026,cookies,0,1,1
3,g,17,0.7306,0.07,0.03,0.02573322,-0.29030457,6,-0.042,0.035,0.0547,0.04,-0.013,1,20.0,0.0732,0.0811,0.0176,0.0141,0.912,3.0,0.0,0.0188,0.0182,13.0,0.0,0.5,0.0003,cookies,0,1,0
3,g,18,0.7306,0.07,0.03,0.02573322,-0.29030457,7,-0.046,0.038,0.0597,-0.019,-0.072,1,28.0,0.0899,0.0895,0.0296,0.0212,0.9117,5.0,0.0002,0.0235,0.0208,-1.0,0.0,0.5,0.0024,cookies,0,1,1
3,g,19,0.7306,0.07,0.03,0.02573322,-0.29030457,6,-0.047,0.033,0.0574,0.033,-0.02,1,150.0,0.0454,0.3491,0.1579,-1.0,-1.0,11.0,0.0217,0.1293,0.1293,-1.0,0.0,0.5,0.1038,cookies,0,0,0
3,g,2,0.7306,0.07,0.03,0.02573322,-0.29030457,7,-0.047,0.044,0.0644,-0.021,-0.074,1,26.0,0.0753,0.1061,0.0219,0.0136,0.9118,4.0,0.0001,0.0205,0.0205,-1.0,0.0,0.5,0.0085,cookies,0,1,1
3,g,20,0.7306,0.07,0.03,0.02573322,-0.29030457,6,-0.045,0.03,0.0541,0.029,-0.024,1,112.0,0.0866,0.0821,0.1081,0.0265,0.9108,23.0,0.0101,0.1497,0.1497,-1.0,0.0,0.5,0.0414,cookies,0,1,1
3,g,21,0.7306,0.07,0.03,0.02573322,-0.29030457,7,-0.046,0.05,0.0679,-0.03,-0.083,1,150.0,0.0553,0.2558,0.0753,-1.0,-1.0,4.0,0.0215,0.0545,0.046,-1.0,0.0,0.5,0.0462,ramekin,0,0,0
3,g,22,0.7306,0.07,0.03,0.02573322,-0.29030457,7,-0.048,0.041,0.0631,-0.023,-0.076,1,25.0,0.0751,0.0919,0.0509,0.0198,0.9118,6.0,0.0016,0.0178,0.017,-1.0,0.0,0.5,0.0003,cookies,0,1,1
3,g,23,0.7306,0.07,0.03,0.02573322,-0.29030457,7,-0.047,0.041,0.0624,-0.02,-0.073,1,25.0,0.0759,0.0899,0.0376,0.015,0.912,5.0,0.0,0.0258,0.025,-1.0,0.0,0.5,0.0057,cookies,0,1,1
3,g,24,0.7306,0.07,0.03,0.02573322,-0.29030457,7,-0.044,0.044,0.0622,-0.021,-0.074,1,27.0,0.0727,0.1044,0.058,0.0185,0.9117,7.0,0.001,0.0176,0.0106,-1.0,0.0,0.5,0.0054,cookies,0,1,1
3,g,25,0.7306,0.07,0.03,0.02573322,-0.29030457,7,-0.047,0.044,0.0644,-0.03,-0.083,1,28.0,0.0724,0.1064,0.0506,0.027,0.9116,7.0,0.0009,0.0313,0.0224,-1.0,0.0,0.5,0.0033,cookies,0,1,1
3,g,3,0.7306,0.07,0.03,0.02573322,-0.29030457,7,-0.045,0.045,0.0636,-0.021,-0.074,1,41.0,0.0815,0.0839,0.0331,0.0331,0.9112,8.0,0.0007,0.011,0.008,32.0,0.0,0.5,0.0062,cookies,0,1,2
3,g,4,0.7306,0.07,0.03,0.02573322,-0.29030457,7,-0.044,0.041,0.0601,-0.02,-0.073,1,35.0,0.081,0.105,0.0346,0.0416,0.9117,9.0,0.0065,0.0558,0.0439,-1.0,0.0,0.5,0.0051,cookies,0,1,1
3,g,5,0.7306,0.07,0.03,0.02573322,-0.29030457,7,-0.045,0.041,0.0609,-0.019,-0.072,1,25.0,0.0943,0.0904,0.0336,0.0106,0.912,5.0,0.0,0.0186,0.0181,14.0,0.0,0.5,0.0047,cookies,0,1,0
3,g,6,0.7306,0.07,0.03,0.02573322,-0.29030457,7,-0.043,0.046,0.063,-0.019,-0.072,1,150.0,0.079,0.1308,0.0716,0.036,0.9114,18.0,0.0112,0.1473,0.1473,-1.0,0.0,0.5,0.0061,cookies,0,0,0
3,g,7,0.7306,0.07,0.03,0.02573322,-0.29030457,7,-0.044,0.052,0.0681,-0.027,-0.08,1,150.0,0.0302,0.2734,0.1488,-1.0,-1.0,5.0,0.0213,0.3273,0.3273,-1.0,0.0,0.5,0.0059,cookies,0,0,0
3,g,8,0.7306,0.07,0.03,0.02573322,-0.29030457,7,-0.048,0.045,0.0658,-0.027,-0.08,1,150.0,0.0382,0.1875,0.1827,-1.0,-1.0,16.0,0.0216,0.0849,0.0771,-1.0,0.0,0.5,0.0325,cookies,0,0,0
3,g,9,0.7306,0.07,0.03,0.02573322,-0.29030457,7,-0.046,0.05,0.0679,-0.026,-0.079,1,26.0,0.0744,0.0964,0.0213,0.0157,0.9118,5.0,0.0001,0.017,0.017,-1.0,0.0,0.5,0.0039,cookies,0,1,1
3,h,1,0.7306,0.07,0.03,0.02573322,-0.29030457,7,-0.046,0.04,0.061,-0.02,-0.073,1,19.0,0.0896,0.0901,0.0114,0.0114,0.9117,5.0,0.0002,0.0098,0.004,16.0,0.0,0.5,0.0049,cookies,0,1,0
3,h,10,0.7306,0.07,0.03,0.02573322,-0.29030457,7,-0.046,0.045,0.0644,-0.019,-0.072,1,25.0,0.0674,0.1102,0.0316,0.0116,0.912,5.0,0.0,0.0246,0.034,14.0,0.0,0.5,0.0006,cookies,0,1,0
3,h,11,0.7306,0.07,0.03,0.02573322,-0.29030457,7,-0.042,0.053,0.0676,-0.024,-0.077,1,26.0,0.0683,0.1016,0.0096,0.0158,0.912,5.0,0.0001,0.0182,0.0166,15.0,0.0,0.4098,0.0007,cookies,0,1,0
3,h,12,0.7306,0.07,0.03,0.02573322,-0.29030457,7,-0.046,0.041,0.0616,-0.019,-0.072,1,28.0,0.0713,0.2964,0.2841,0.018,0.9118,6.0,0.0213,0.0194,0.018,-1.0,0.0,0.3842,0.0085,cookies,0,1,1
3,h,13,0.7306,0.07,0.03,0.02573322,-0.29030457,7,-0.041,0.059,0.0718,-0.026,-0.079,1,43.0,0.0682,0.1116,0.0402,0.0411,0.9119,10.0,0.0011,0.0231,0.0238,32.0,0.0,0.5,0.0015,cookies,0,1,0
3,h,14,0.7306,0.07,0.03,0.02573322,-0.29030457,7,-0.045,0.04,0.0602,-0.02,-0.073,1,26.0,0.0841,0.1991,0.1722,0.0163,0.912,6.0,0.0214,0.0453,0.0453,-1.0,0.0,0.4088,0.002,cookies,0,1,1
3,h,15,0.7306,0.07,0.03,0.02573322,-0.29030457,7,-0.046,0.044,0.0637,-0.027,-0.08,1,150.0,0.0695,0.1372,0.0849,-1.0,-1.0,3.0,0.0136,0.0285,0.0282,-1.0,0.0,0.5,0.0015,cookies,0,0,0
3,h,16,0.7306,0.07,0.03,0.02573322,-0.29030457,7,-0.045,0.045,0.0636,-0.024,-0.077,1,25.0,0.0852,0.0894,0.0344,0.0113,0.9118,5.0,0.0003,0.0126,0.0104,-1.0,0.0,0.5,0.0098,cookies,0,1,1
3,h,17,0.7306,0.07,0.03,0.02573322,-0.29030457,7,-0.047,0.044,0.0644,-0.022,-0.075,1,27.0,0.0799,0.1034,0.0501,0.0072,0.912,8.0,0.001,0.0232,0.0231,-1.0,0.0,0.5,0.0008,cookies,0,1,1
3,h,18,0.7306,0.07,0.03,0.02573322,-0.29030457,7,-0.045,0.039,0.0595,-0.017,-0.07,1,26.0,0.0843,0.0967,0.0231,0.0102,0.9119,6.0,0.0008,0.0162,0.0155,-1.0,0.0,0.398,0.0036,cookies,0,1,1
3,h,19,0.7306,0.07,0.03,0.02573322,-0.29030457,7,-0.046,0.047,0.0658,-0.023,-0.076,1,24.0,0.0741,0.0946,0.0163,0.0161,0.9118,6.0,0.0001,0.0153,0.0153,15.0,0.0,0.5,0.0038,cookies,0,1,0
3,h,2,0.7306,0.07,0.03,0.02573322,-0.29030457,7,-0.047,0.045,0.0651,-0.02,-0.073,1,26.0,0.0742,0.0838,0.0458,0.0205,0.9116,5.0,0.0008,0.0145,0.005,-1.0,0.0,0.4575,0.006,cookies,0,1,1
3,h,20,0.7306,0.07,0.03,0.02573322,-0.29030457,7,-0.046,0.05,0.0679,-0.028,-0.081,1,26.0,0.0748,0.1175,0.0234,0.007,0.912,5.0,0.0016,0.0197,0.0197,-1.0,0.0,0.4983,0.003,cookies,0,1,1
3,h,21,0.7306,0.07,0.03,0.02573322,-0.29030457,7,-0.045,0.043,0.0622,-0.019,-0.072,1,19.0,0.0687,0.1001,0.0218,0.0218,0.9116,5.0,0.0003,0.0095,0.0094,15.0,0.0,0.5,0.0018,cookies,0,1,0
3,h,22,0.7306,0.07,0.03,0.02573322,-0.29030457,7,-0.042,0.058,0.0716,-0.025,-0.078,1,27.0,0.0684,0.0951,0.002,0.0083,0.9118,4.0,0.0025,0.0205,0.02,16.0,0.0,0.5,0.0018,cookies,0,1,0
3,h,23,0.7306,0.07,0.03,0.02573322,-0.29030457,7,-0.046,0.046,0.0651,-0.019,-0.072,1,25.0,0.0715,0.0747,0.0202,0.0229,0.9119,5.0,0.0006,0.0272,0.0268,14.0,0.0,0.5,0.0076,cookies,0,1,0
3,h,24,0.7306,0.07,0.03,0.02573322,-0.29030457,7,-0.045,0.046,0.0644,-0.022,-0.075,1,25.0,0.0749,0.0989,0.0131,0.0046,0.912,6.0,0.0001,0.0265,0.0265,-1.0,0.0,0.5,0.0062,cookies,0,1,1
3,h,25,0.7306,0.07,0.03,0.02573322,-0.29030457,7,-0.046,0.04,0.061,-0.02,-0.073,1,32.0,0.0744,0.0873,0.0342,0.0342,0.9122,6.0,0.0,0.0171,0.0171,23.0,0.0,0.5,0.0078,cookies,0,1,1
3,h,3,0.7306,0.07,0.03,0.02573322,-0.29030457,7,-0.045,0.052,0.0688,-0.026,-0.079,1,32.0,0.0773,0.1875,0.1656,0.0104,0.9118,8.0,0.0214,0.0132,0.0128,-1.0,0.0,0.5,0.0005,cookies,0,1,2
3,h,4,0.7306,0.07,0.03,0.02573322,-0.29030457,6,-0.043,0.029,0.0519,0.031,-0.022,1,19.0,0.0686,0.0737,0.0103,0.0086,0.9119,2.0,0.0001,0.013,0.0128,13.0,0.0,0.5,0.0002,cookies,0,1,0
3,h,5,0.7306,0.07,0.03,0.02573322,-0.29030457,7,-0.044,0.052,0.0681,-0.027,-0.08,1,27.0,0.0703,0.1096,0.0149,0.0143,0.9118,4.0,0.0001,0.0239,0.0239,16.0,0.0,0.5,0.0015,cookies,0,1,0
3,h,6,0.7306,0.07,0.03,0.02573322,-0.29030457,7,-0.045,0.049,0.0665,-0.024,-0.077,1,150.0,0.0278,0.1898,0.1477,-1.0,-1.0,3.0,0.0044,0.025,0.0111,-1.0,0.0,0.3334,0.0095,cookies,0,0,0
3,h,7,0.7306,0.07,0.03,0.02573322,-0.29030457,7,-0.046,0.048,0.0665,-0.025,-0.078,1,29.0,0.0649,0.0949,0.011,0.0097,0.9118,7.0,0.0011,0.0276,0.0239,22.0,0.0,0.5,0.0059,cookies,0,1,0
3,h,8,0.7306,0.07,0.03,0.02573322,-0.29030457,7,-0.045,0.049,0.0665,-0.027,-0.08,1,107.0,0.0476,0.1278,0.0554,-1.0,-1.0,24.0,0.0128,0.0479,0.0401,-1.0,0.0,0.5,0.0033,cookies,0,0,0
3,h,9,0.7306,0.07,0.03,0.02573322,-0.29030457,6,-0.044,0.03,0.0533,0.025,-0.028,1,23.0,0.0765,0.0661,0.0196,0.006,0.912,3.0,0.0014,0.0213,0.0201,16.0,0.0,0.5,0.0117,cookies,0,1,0
4,g,1,0.7692,0.096038,-0.141643,0.02573322,-0.29030457,12,-0.08,-0.007,0.0803,0.04,-0.013,1,350.0,0.003,0.4807,0.5321,-1.0,-1.0,0.0,0.0001,0.0102,0.0041,-1.0,0.0,0.5,0.0026,cookies,0,0,0
4,g,10,0.7692,0.096038,-0.141643,0.02573322,-0.29030457,13,-0.089,-0.001,0.089,0.005,-0.048,1,350.0,0.0253,0.5135,0.3118,-1.0,-1.0,5.0,0.0001,0.2295,0.2295,-1.0,0.0,0.5,0.036,cookies,0,0,0
4,g,11,0.7692,0.096038,-0.141643,0.02573322,-0.29030457,23,-0.082,0.004,0.0821,0.029,-0.024,1,350.0,0.0036,0.4749,0.5222,-1.0,-1.0,1.0,0.0001,0.0,0.0,-1.0,0.0,0.4419,0.0011,distractor_bowl,0,0,0
4,g,12,0.7692,0.096038,-0.141643,0.02573322,-0.29030457,20,-0.081,0.006,0.0812,0.038,-0.015,1,350.0,0.0776,0.4296,0.4626,-1.0,-1.0,2.0,0.0001,0.0446,0.0446,-1.0,0.0,0.5,0.0034,ramekin,0,0,0
4,g,13,0.7692,0.096038,-0.141643,0.02573322,-0.29030457,11,-0.093,-0.002,0.093,0.027,-0.026,1,350.0,0.0024,0.6333,0.5142,-1.0,-1.0,0.0,0.0001,0.1083,0.0674,-1.0,0.0,0.5,0.1963,ramekin,0,0,0
4,g,14,0.7692,0.096038,-0.141643,0.02573322,-0.29030457,8,-0.072,-0.008,0.0724,0.025,-0.028,1,350.0,0.0201,0.1711,0.3087,-1.0,-1.0,5.0,0.0001,0.0,0.0,-1.0,0.0,0.5,0.0075,distractor_bowl,0,0,0
4,g,15,0.7692,0.096038,-0.141643,0.02573322,-0.29030457,18,-0.082,0.003,0.0821,0.03,-0.023,1,350.0,0.0345,0.1735,0.3352,-1.0,-1.0,7.0,0.0001,0.0,0.0,-1.0,0.0,0.5,0.0001,distractor_bowl,0,0,0
4,g,16,0.7692,0.096038,-0.141643,0.02573322,-0.29030457,15,-0.083,0.006,0.0832,0.018,-0.035,1,350.0,0.02,0.4425,0.5072,-1.0,-1.0,1.0,0.0001,0.0136,0.0136,-1.0,0.0,0.5,0.0007,distractor_bowl,0,0,0
4,g,17,0.7692,0.096038,-0.141643,0.02573322,-0.29030457,8,-0.067,-0.002,0.067,0.031,-0.022,1,350.0,0.0129,0.4509,0.4874,-1.0,-1.0,2.0,0.0001,0.0009,0.0009,-1.0,0.0,0.4923,0.0065,distractor_bowl,0,0,0
4,g,18,0.7692,0.096038,-0.141643,0.02573322,-0.29030457,8,-0.084,-0.011,0.0847,0.035,-0.018,1,350.0,0.0041,0.5154,0.5306,-1.0,-1.0,0.0,0.0001,0.0008,0.0008,-1.0,0.0,0.2926,0.0065,distractor_bowl,0,0,0
4,g,19,0.7692,0.096038,-0.141643,0.02573322,-0.29030457,12,-0.067,0.004,0.0671,0.032,-0.021,1,350.0,0.0144,0.4357,0.4724,-1.0,-1.0,3.0,0.0001,0.0,0.0,-1.0,0.0,0.4952,0.003,distractor_bowl,0,0,0
4,g,2,0.7692,0.096038,-0.141643,0.02573322,-0.29030457,9,-0.082,-0.007,0.0823,-0.004,-0.057,1,350.0,0.0615,0.2785,0.1194,-1.0,-1.0,5.0,0.1645,0.3191,0.3191,-1.0,0.0,0.5,0.0808,ramekin,0,0,0
4,g,20,0.7692,0.096038,-0.141643,0.02573322,-0.29030457,11,-0.085,-0.002,0.085,0.028,-0.025,1,350.0,0.0225,0.5632,0.5088,-1.0,-1.0,3.0,0.0001,0.0567,0.0567,-1.0,0.0,0.5,0.0815,ramekin,0,0,0
4,g,21,0.7692,0.096038,-0.141643,0.02573322,-0.29030457,19,-0.093,-0.001,0.093,0.031,-0.022,1,350.0,0.0137,0.56,0.5023,-1.0,-1.0,2.0,0.0001,0.0308,0.0308,-1.0,10.0,0.5,0.0006,cookies,0,0,0
4,g,22,0.7692,0.096038,-0.141643,0.02573322,-0.29030457,18,-0.091,-0.003,0.091,0.032,-0.021,1,350.0,0.0588,0.3717,0.2717,-1.0,-1.0,2.0,0.1108,0.2555,0.2555,-1.0,0.0,0.5,0.0179,cookies,0,0,0
4,g,23,0.7692,0.096038,-0.141643,0.02573322,-0.29030457,21,-0.084,-0.002,0.084,0.028,-0.025,1,350.0,0.0051,0.553,0.4704,-1.0,-1.0,0.0,0.0001,0.0,0.0,-1.0,0.0,0.5,0.1757,ramekin,0,0,0
4,g,24,0.7692,0.096038,-0.141643,0.02573322,-0.29030457,13,-0.087,-0.005,0.0871,0.034,-0.019,1,129.0,0.0679,0.1491,0.031,-1.0,-1.0,5.0,0.1519,0.0508,0.0508,-1.0,0.0,0.5,0.0366,cookies,0,0,0
4,g,25,0.7692,0.096038,-0.141643,0.02573322,-0.29030457,12,-0.082,0.002,0.082,0.028,-0.025,1,350.0,0.009,0.3696,0.4158,-1.0,-1.0,2.0,0.0001,0.001,0.001,-1.0,0.0,0.5,0.0059,cookies,0,0,0
4,g,3,0.7692,0.096038,-0.141643,0.02573322,-0.29030457,15,-0.074,0.005,0.0742,0.041,-0.012,1,350.0,0.0158,0.3732,0.4163,-1.0,-1.0,3.0,0.0001,0.0011,0.0011,-1.0,0.0,0.5,0.0004,distractor_bowl,0,0,0
4,g,4,0.7692,0.096038,-0.141643,0.02573322,-0.29030457,24,-0.076,0.002,0.076,0.032,-0.021,1,350.0,0.0043,0.5286,0.4916,-1.0,-1.0,1.0,0.0001,0.062,0.0268,-1.0,0.0,0.5,0.0204,cookies,0,0,0
4,g,5,0.7692,0.096038,-0.141643,0.02573322,-0.29030457,22,-0.083,0.001,0.083,0.033,-0.02,1,350.0,0.004,0.4286,0.4754,-1.0,-1.0,3.0,0.0001,0.02,0.02,-1.0,0.0,0.5,0.0,distractor_bowl,0,0,0
4,g,6,0.7692,0.096038,-0.141643,0.02573322,-0.29030457,8,-0.082,0.003,0.0821,0.038,-0.015,1,350.0,0.0061,0.5894,0.5039,-1.0,-1.0,2.0,0.0001,0.1202,0.1202,-1.0,10.0,0.5,0.0023,distractor_bowl,0,0,0
4,g,7,0.7692,0.096038,-0.141643,0.02573322,-0.29030457,22,-0.082,0.003,0.0821,0.028,-0.025,1,350.0,0.06,0.2886,0.0438,-1.0,-1.0,52.0,0.1646,0.1185,0.1185,-1.0,0.0,0.5,0.1448,cookies,0,0,0
4,g,8,0.7692,0.096038,-0.141643,0.02573322,-0.29030457,12,-0.089,-0.003,0.0891,0.026,-0.027,1,350.0,0.0341,0.4619,0.5074,-1.0,-1.0,2.0,0.0001,0.0146,0.0146,-1.0,0.0,0.5,0.0,distractor_bowl,0,0,0
4,g,9,0.7692,0.096038,-0.141643,0.02573322,-0.29030457,25,-0.088,-0.001,0.088,0.035,-0.018,1,350.0,0.0269,0.4187,0.4572,-1.0,-1.0,4.0,0.0001,0.0115,0.002,-1.0,0.0,0.5,0.0022,cookies,0,0,0
4,h,1,0.7692,0.096038,-0.141643,0.02573322,-0.29030457,18,-0.079,0.004,0.0791,0.03,-0.023,1,350.0,0.0571,0.3253,0.3406,-1.0,-1.0,4.0,0.0001,0.0305,0.0123,-1.0,0.0,0.4975,0.0033,cookies,0,0,0
4,h,10,0.7692,0.096038,-0.141643,0.02573322,-0.29030457,8,-0.086,-0.001,0.086,0.027,-0.026,1,350.0,0.0628,0.2884,0.2918,-1.0,-1.0,1.0,0.0001,0.0193,0.0193,-1.0,0.0,0.4491,0.0,distractor_bowl,0,0,0
4,h,11,0.7692,0.096038,-0.141643,0.02573322,-0.29030457,18,-0.083,0.002,0.083,0.032,-0.021,1,350.0,0.0884,0.3145,0.3488,-1.0,-1.0,3.0,0.0001,0.0032,0.0032,-1.0,0.0,0.4509,0.0068,cookies,0,0,0
4,h,12,0.7692,0.096038,-0.141643,0.02573322,-0.29030457,27,-0.049,0.038,0.062,0.034,-0.019,1,350.0,0.0136,0.4074,0.495,-1.0,-1.0,2.0,0.0001,0.0057,0.0057,-1.0,0.0,0.5,0.0116,distractor_bowl,0,0,0
4,h,13,0.7692,0.096038,-0.141643,0.02573322,-0.29030457,14,-0.086,-0.001,0.086,0.003,-0.05,1,350.0,0.0281,0.4391,0.4949,-1.0,-1.0,1.0,0.0001,0.0114,0.0114,-1.0,0.0,0.5,0.005,distractor_bowl,0,0,0
4,h,14,0.7692,0.096038,-0.141643,0.02573322,-0.29030457,15,-0.064,0.022,0.0677,0.029,-0.024,1,350.0,0.0099,0.3931,0.4671,-1.0,-1.0,3.0,0.0001,0.0,0.0,-1.0,0.0,0.5,0.0,distractor_bowl,0,0,0
4,h,15,0.7692,0.096038,-0.141643,0.02573322,-0.29030457,18,-0.088,-0.001,0.088,0.034,-0.019,1,54.0,0.0717,0.1437,0.0582,-1.0,-1.0,5.0,0.1497,0.007,0.0016,-1.0,0.0,0.5,0.0105,distractor_bowl,0,0,0
4,h,16,0.7692,0.096038,-0.141643,0.02573322,-0.29030457,8,-0.077,0.0,0.077,-0.003,-0.056,1,350.0,0.0337,0.441,0.5078,-1.0,-1.0,2.0,0.0001,0.0056,0.0056,-1.0,0.0,0.5,0.0092,distractor_bowl,0,0,0
4,h,17,0.7692,0.096038,-0.141643,0.02573322,-0.29030457,19,-0.094,-0.001,0.094,0.028,-0.025,1,350.0,0.0144,0.5292,0.4744,-1.0,-1.0,2.0,0.0001,0.0216,0.0216,-1.0,0.0,0.5,0.1199,cookies,0,0,0
4,h,18,0.7692,0.096038,-0.141643,0.02573322,-0.29030457,12,-0.087,-0.001,0.087,0.017,-0.036,1,350.0,0.0147,0.3981,0.423,-1.0,-1.0,1.0,0.0001,0.0136,0.0136,-1.0,0.0,0.4619,0.0101,cookies,0,0,0
4,h,19,0.7692,0.096038,-0.141643,0.02573322,-0.29030457,9,-0.085,-0.012,0.0858,0.031,-0.022,1,350.0,0.0623,0.1838,0.1436,-1.0,-1.0,27.0,0.1647,0.1868,0.1868,-1.0,0.0,0.5,0.106,cookies,0,0,0
4,h,2,0.7692,0.096038,-0.141643,0.02573322,-0.29030457,9,-0.08,0.007,0.0803,0.011,-0.042,1,350.0,0.0236,0.508,0.5137,-1.0,-1.0,1.0,0.0001,0.013,0.013,-1.0,2.0,0.5,0.1556,cookies,0,0,0
4,h,20,0.7692,0.096038,-0.141643,0.02573322,-0.29030457,28,-0.084,0.012,0.0849,0.032,-0.021,1,350.0,0.0773,0.0963,0.3516,-1.0,-1.0,3.0,0.0001,0.0,0.0,-1.0,2372.0,0.5,0.0034,distractor_bowl,0,0,0
4,h,21,0.7692,0.096038,-0.141643,0.02573322,-0.29030457,8,-0.076,-0.009,0.0765,0.029,-0.024,1,350.0,0.0662,0.3746,0.1571,-1.0,-1.0,3.0,0.1003,0.1568,0.1567,-1.0,0.0,0.5,0.136,ramekin,0,0,0
4,h,22,0.7692,0.096038,-0.141643,0.02573322,-0.29030457,19,-0.084,-0.002,0.084,0.03,-0.023,1,350.0,0.0124,0.5122,0.4901,-1.0,-1.0,2.0,0.0001,0.067,0.067,-1.0,0.0,0.5,0.0,distractor_bowl,0,0,0
4,h,23,0.7692,0.096038,-0.141643,0.02573322,-0.29030457,6,-0.081,-0.002,0.081,0.014,-0.039,1,350.0,0.0225,0.6141,0.5258,-1.0,-1.0,5.0,0.0001,0.0,0.0,-1.0,0.0,0.5,0.0834,ramekin,0,0,0
4,h,24,0.7692,0.096038,-0.141643,0.02573322,-0.29030457,7,-0.044,0.047,0.0644,0.032,-0.021,1,234.0,0.0722,0.1058,0.0332,0.0328,0.9065,41.0,0.1646,0.0726,0.0705,-1.0,0.0,0.5,0.0017,cookies,0,1,1
4,h,25,0.7692,0.096038,-0.141643,0.02573322,-0.29030457,9,-0.082,0.004,0.0821,0.039,-0.014,1,350.0,0.0171,0.3649,0.4109,-1.0,-1.0,5.0,0.0002,0.0011,0.0011,-1.0,0.0,0.5,0.016,distractor_bowl,0,0,0
4,h,3,0.7692,0.096038,-0.141643,0.02573322,-0.29030457,12,-0.092,0.037,0.0992,0.024,-0.029,1,350.0,0.0481,0.5548,0.4152,-1.0,-1.0,5.0,0.0001,0.0627,0.0615,-1.0,10.0,0.5,1.9671,ramekin,0,0,0
4,h,4,0.7692,0.096038,-0.141643,0.02573322,-0.29030457,13,-0.078,0.009,0.0785,0.019,-0.034,1,350.0,0.0195,0.4193,0.471,-1.0,-1.0,3.0,0.0001,0.0116,0.0116,-1.0,0.0,0.5,0.0014,distractor_bowl,0,0,0
4,h,5,0.7692,0.096038,-0.141643,0.02573322,-0.29030457,21,-0.082,0.0,0.082,0.028,-0.025,1,48.0,0.0879,0.1461,0.0831,0.0445,0.9171,5.0,0.1485,0.0175,0.0145,-1.0,0.0,0.4886,0.0282,distractor_bowl,0,1,1
4,h,6,0.7692,0.096038,-0.141643,0.02573322,-0.29030457,19,-0.083,0.003,0.0831,0.031,-0.022,1,350.0,0.0169,0.4605,0.5035,-1.0,-1.0,3.0,0.0001,0.0094,0.0094,-1.0,0.0,0.5,0.0056,distractor_bowl,0,0,0
4,h,7,0.7692,0.096038,-0.141643,0.02573322,-0.29030457,9,-0.086,-0.003,0.0861,0.032,-0.021,1,350.0,0.0035,0.19,0.464,-1.0,-1.0,1.0,0.0001,0.0,0.0,-1.0,0.0,0.5,0.0045,distractor_bowl,0,0,0
4,h,8,0.7692,0.096038,-0.141643,0.02573322,-0.29030457,8,-0.069,-0.006,0.0693,0.03,-0.023,1,350.0,0.0227,0.4813,0.5145,-1.0,-1.0,3.0,0.0001,0.0114,0.0113,-1.0,0.0,0.5,0.0066,distractor_bowl,0,0,0
4,h,9,0.7692,0.096038,-0.141643,0.02573322,-0.29030457,8,-0.086,-0.007,0.0863,0.026,-0.027,1,350.0,0.0574,0.3312,0.1422,-1.0,-1.0,3.0,0.1107,0.2584,0.2584,-1.0,0.0,0.5,0.0655,ramekin,0,0,0
5,g,1,0.5016,-0.2,0.2,0.07,0.03,6,-0.027,-0.052,0.0586,0.007,-0.046,1,150.0,0.0884,0.098,0.0856,-1.0,-1.0,6.0,0.0289,0.081,0.081,-1.0,926.0,0.5,0.0039,ramekin,0,0,0
5,g,10,0.5016,-0.2,0.2,0.07,0.03,5,-0.001,-0.046,0.046,0.04,-0.013,1,150.0,0.084,0.1407,0.0852,-1.0,-1.0,4.0,0.0412,0.0771,0.0771,-1.0,929.0,0.5,0.0014,ramekin,0,0,0
5,g,11,0.5016,-0.2,0.2,0.07,0.03,5,-0.011,-0.049,0.0502,0.04,-0.013,1,25.0,0.0895,0.0863,0.0872,0.0135,0.9113,6.0,0.0328,0.0838,0.0837,-1.0,5.0,0.5,0.0,ramekin,0,1,1
5,g,12,0.5016,-0.2,0.2,0.07,0.03,5,-0.004,-0.05,0.0502,0.041,-0.012,1,38.0,0.083,0.0931,0.0285,0.0393,0.9119,8.0,0.0006,0.0106,0.0133,27.0,0.0,0.5,0.0,ramekin,0,1,2
5,g,13,0.5016,-0.2,0.2,0.07,0.03,5,-0.009,-0.052,0.0528,0.041,-0.012,1,28.0,0.0889,0.0917,0.0152,0.008,0.9118,4.0,0.0005,0.0311,0.0297,17.0,0.0,0.5,0.0002,ramekin,0,1,0
5,g,14,0.5016,-0.2,0.2,0.07,0.03,5,-0.009,-0.051,0.0518,0.041,-0.012,1,34.0,0.0812,0.0903,0.0433,0.0423,0.9167,11.0,0.0006,0.0499,0.0499,-1.0,0.0,0.5,0.0,ramekin,0,1,3
5,g,15,0.5016,-0.2,0.2,0.07,0.03,6,-0.028,-0.051,0.0582,0.006,-0.047,1,32.0,0.0915,0.0825,0.0159,0.0127,0.9125,3.0,0.0004,0.0399,0.0318,21.0,0.0,0.5,0.0039,ramekin,0,1,0
5,g,16,0.5016,-0.2,0.2,0.07,0.03,6,-0.02,-0.047,0.0511,0.015,-0.038,1,51.0,0.1054,0.0896,0.037,0.011,0.9117,12.0,0.0002,0.0226,0.0226,-1.0,0.0,0.445,0.0011,ramekin,0,1,5
5,g,17,0.5016,-0.2,0.2,0.07,0.03,5,-0.017,-0.05,0.0528,0.034,-0.019,1,30.0,0.0935,0.0854,0.0814,0.033,0.9112,4.0,0.0289,0.0976,0.0976,-1.0,29.0,0.5,0.0,ramekin,0,1,1
5,g,18,0.5016,-0.2,0.2,0.07,0.03,5,-0.006,-0.056,0.0563,0.039,-0.014,1,23.0,0.0828,0.1003,0.0188,0.026,0.9112,4.0,0.0006,0.0072,0.004,12.0,0.0,0.5,0.0,ramekin,0,1,0
5,g,19,0.5016,-0.2,0.2,0.07,0.03,5,-0.009,-0.049,0.0498,0.038,-0.015,1,26.0,0.0913,0.0923,0.0334,0.0194,0.9114,7.0,0.0008,0.049,0.0439,-1.0,0.0,0.5,0.0,ramekin,0,1,1
5,g,2,0.5016,-0.2,0.2,0.07,0.03,5,-0.006,-0.049,0.0494,0.037,-0.016,1,35.0,0.0834,0.0981,0.0369,0.0234,0.9134,7.0,0.0004,0.022,0.0205,24.0,0.0,0.5,0.0,ramekin,0,1,1
5,g,20,0.5016,-0.2,0.2,0.07,0.03,5,-0.005,-0.048,0.0483,0.04,-0.013,1,150.0,0.0793,0.1262,0.0469,0.0309,0.9093,16.0,0.0412,0.1599,0.1591,-1.0,431.0,0.5,0.0,ramekin,0,0,0
5,g,21,0.5016,-0.2,0.2,0.07,0.03,5,-0.007,-0.047,0.0475,0.04,-0.013,1,24.0,0.0759,0.1092,0.0037,0.0094,0.9139,4.0,0.0005,0.0172,0.0166,13.0,0.0,0.5,0.0,ramekin,0,1,0
5,g,22,0.5016,-0.2,0.2,0.07,0.03,6,-0.025,-0.048,0.0541,0.009,-0.044,1,19.0,0.0967,0.0977,0.0193,0.0193,0.9119,5.0,0.0,0.0099,0.0099,18.0,0.0,0.5,0.003,ramekin,0,1,0
5,g,23,0.5016,-0.2,0.2,0.07,0.03,5,-0.016,-0.051,0.0535,0.036,-0.017,1,25.0,0.0925,0.0948,0.0058,0.0145,0.9117,5.0,0.0003,0.005,0.0046,14.0,0.0,0.5,0.0015,ramekin,0,1,0
5,g,24,0.5016,-0.2,0.2,0.07,0.03,5,-0.003,-0.049,0.0491,0.042,-0.011,1,25.0,0.0882,0.088,0.0671,0.0268,0.9119,5.0,0.0411,0.0467,0.0453,-1.0,0.0,0.5,0.0,ramekin,0,1,1
5,g,25,0.5016,-0.2,0.2,0.07,0.03,5,-0.005,-0.049,0.0493,0.041,-0.012,1,24.0,0.083,0.0884,0.0265,0.0087,0.9117,4.0,0.0002,0.0268,0.0268,-1.0,0.0,0.5,0.0,ramekin,0,1,1
5,g,3,0.5016,-0.2,0.2,0.07,0.03,6,-0.025,-0.051,0.0568,0.01,-0.043,1,27.0,0.0919,0.0941,0.0172,0.0027,0.9118,3.0,0.0002,0.02,0.0148,-1.0,0.0,0.366,0.0049,ramekin,0,1,1
5,g,4,0.5016,-0.2,0.2,0.07,0.03,6,-0.025,-0.049,0.055,0.008,-0.045,1,27.0,0.1018,0.0938,0.0204,0.0154,0.9111,7.0,0.0009,0.028,0.028,16.0,0.0,0.5,0.0047,ramekin,0,1,0
5,g,5,0.5016,-0.2,0.2,0.07,0.03,5,-0.014,-0.049,0.051,0.032,-0.021,1,28.0,0.0907,0.0999,0.0086,0.02,0.9117,5.0,0.0004,0.0086,0.0086,17.0,0.0,0.5,0.0008,ramekin,1,1,0
5,g,6,0.5016,-0.2,0.2,0.07,0.03,5,-0.001,-0.05,0.05,0.039,-0.014,1,24.0,0.0858,0.0936,0.0143,0.0175,0.9117,5.0,0.0005,0.0244,0.0259,13.0,0.0,0.5,0.0,ramekin,0,1,0
5,g,7,0.5016,-0.2,0.2,0.07,0.03,5,-0.007,-0.046,0.0465,0.038,-0.015,1,150.0,0.0846,0.0858,0.0963,-1.0,-1.0,4.0,0.0289,0.1006,0.1006,-1.0,1041.0,0.5,0.0,ramekin,0,0,0
5,g,8,0.5016,-0.2,0.2,0.07,0.03,5,0.002,-0.047,0.047,0.041,-0.012,1,31.0,0.0862,0.1026,0.0629,0.0063,0.9114,6.0,0.0272,0.0582,0.0581,-1.0,0.0,0.5,0.0001,ramekin,0,1,2
5,g,9,0.5016,-0.2,0.2,0.07,0.03,5,-0.004,-0.046,0.0462,0.04,-0.013,1,30.0,0.0806,0.0909,0.0325,0.0179,0.9117,8.0,0.0016,0.0479,0.047,-1.0,0.0,0.5,0.0,ramekin,0,1,3
5,h,1,0.5016,-0.2,0.2,0.07,0.03,5,-0.006,-0.044,0.0444,0.038,-0.015,1,150.0,0.0795,0.0844,0.0922,-1.0,-1.0,5.0,0.0312,0.0908,0.0908,-1.0,988.0,0.5,0.003,distractor_bowl,0,0,0
5,h,10,0.5016,-0.2,0.2,0.07,0.03,6,-0.03,-0.05,0.0583,0.005,-0.048,1,35.0,0.0915,0.0866,0.0114,0.0122,0.912,5.0,0.0009,0.0261,0.0207,24.0,0.0,0.5,0.0015,ramekin,0,1,1
5,h,11,0.5016,-0.2,0.2,0.07,0.03,5,-0.006,-0.046,0.0464,0.04,-0.013,1,25.0,0.0794,0.0889,0.0615,0.0211,0.9113,5.0,0.0294,0.1084,0.1083,-1.0,4.0,0.5,0.0,ramekin,0,1,1
5,h,12,0.5016,-0.2,0.2,0.07,0.03,5,-0.016,-0.051,0.0535,0.036,-0.017,1,26.0,0.0855,0.0996,0.0079,0.0104,0.9114,4.0,0.0016,0.0171,0.0163,15.0,0.0,0.5,0.0,ramekin,0,1,0
5,h,13,0.5016,-0.2,0.2,0.07,0.03,5,-0.011,-0.05,0.0512,0.037,-0.016,1,25.0,0.0899,0.0867,0.0126,0.0023,0.9115,5.0,0.0015,0.0205,0.0241,14.0,0.0,0.5,0.0,ramekin,0,1,0
5,h,14,0.5016,-0.2,0.2,0.07,0.03,5,-0.01,-0.05,0.051,0.036,-0.017,1,26.0,0.0836,0.08,0.0093,0.0022,0.9113,4.0,0.0007,0.0295,0.0314,15.0,0.0,0.5,0.0,ramekin,0,1,0
5,h,15,0.5016,-0.2,0.2,0.07,0.03,5,-0.009,-0.051,0.0518,0.041,-0.012,1,150.0,0.0078,0.1717,0.28,-1.0,-1.0,3.0,0.0414,0.0,0.0,-1.0,0.0,0.4639,0.0894,ramekin,0,0,0
5,h,16,0.5016,-0.2,0.2,0.07,0.03,5,-0.004,-0.048,0.0482,0.042,-0.011,1,150.0,0.0787,0.0887,0.0796,-1.0,-1.0,7.0,0.0329,0.0864,0.0864,-1.0,1009.0,0.5,0.0,ramekin,0,0,0
5,h,17,0.5016,-0.2,0.2,0.07,0.03,5,-0.009,-0.051,0.0518,0.04,-0.013,1,25.0,0.0783,0.0834,0.0274,0.0287,0.9113,7.0,0.0067,0.0968,0.0968,-1.0,0.0,0.5,0.0,ramekin,0,1,1
5,h,18,0.5016,-0.2,0.2,0.07,0.03,5,-0.007,-0.047,0.0475,0.04,-0.013,1,25.0,0.0812,0.0911,0.0216,0.0118,0.9118,5.0,0.0002,0.034,0.034,-1.0,0.0,0.5,0.0,ramekin,0,1,1
5,h,19,0.5016,-0.2,0.2,0.07,0.03,5,-0.011,-0.049,0.0502,0.037,-0.016,1,19.0,0.087,0.0925,0.0129,0.0147,0.9117,4.0,0.0002,0.0263,0.0263,13.0,0.0,0.5,0.0001,ramekin,0,1,0
5,h,2,0.5016,-0.2,0.2,0.07,0.03,5,-0.006,-0.054,0.0543,0.04,-0.013,1,150.0,0.0932,0.1249,0.0924,-1.0,-1.0,19.0,0.0412,0.1913,0.1913,-1.0,0.0,0.5,0.0,ramekin,0,0,0
5,h,20,0.5016,-0.2,0.2,0.07,0.03,5,-0.003,-0.049,0.0491,0.041,-0.012,1,23.0,0.0795,0.087,0.0171,0.0231,0.912,4.0,0.0007,0.007,0.0012,12.0,0.0,0.5,0.0,ramekin,1,1,0
5,h,21,0.5016,-0.2,0.2,0.07,0.03,5,-0.011,-0.051,0.0522,0.037,-0.016,1,45.0,0.0466,0.1502,0.0132,0.0208,0.9111,10.0,0.0409,0.0283,0.0282,34.0,0.0,0.5,0.0591,ramekin,0,1,0
5,h,22,0.5016,-0.2,0.2,0.07,0.03,5,-0.011,-0.048,0.0492,0.04,-0.013,1,25.0,0.0886,0.0808,0.0689,0.0021,0.9114,5.0,0.0271,0.0553,0.0553,-1.0,0.0,0.5,0.0006,ramekin,0,1,1
5,h,23,0.5016,-0.2,0.2,0.07,0.03,6,-0.028,-0.047,0.0547,0.008,-0.045,1,28.0,0.0891,0.089,0.0207,0.026,0.9145,4.0,0.0006,0.0049,0.0034,17.0,0.0,0.5,0.0018,ramekin,1,1,0
5,h,24,0.5016,-0.2,0.2,0.07,0.03,5,-0.006,-0.048,0.0484,0.037,-0.016,1,46.0,0.0524,0.12,0.0275,0.0091,0.9117,12.0,0.0307,0.0469,0.0469,-1.0,0.0,0.5,0.0203,ramekin,0,1,2
5,h,25,0.5016,-0.2,0.2,0.07,0.03,5,-0.006,-0.055,0.0553,0.041,-0.012,1,33.0,0.0882,0.1007,0.0182,0.0109,0.9113,5.0,0.0012,0.0622,0.0552,22.0,0.0,0.5,0.0,ramekin,0,1,0
5,h,3,0.5016,-0.2,0.2,0.07,0.03,5,-0.009,-0.051,0.0518,0.041,-0.012,1,36.0,0.0859,0.1053,0.0416,0.0372,0.9141,6.0,0.0012,0.0253,0.0234,25.0,0.0,0.5,0.0007,ramekin,0,1,1
5,h,4,0.5016,-0.2,0.2,0.07,0.03,6,-0.028,-0.049,0.0564,0.007,-0.046,1,33.0,0.0916,0.089,0.0104,0.0117,0.9159,5.0,0.0004,0.0043,0.0015,22.0,0.0,0.5,0.0047,ramekin,1,1,0
5,h,5,0.5016,-0.2,0.2,0.07,0.03,5,-0.01,-0.05,0.051,0.039,-0.014,1,24.0,0.0873,0.0855,0.0184,0.0197,0.9114,5.0,0.0007,0.0323,0.0407,13.0,0.0,0.5,0.0002,ramekin,0,1,0
5,h,6,0.5016,-0.2,0.2,0.07,0.03,5,-0.005,-0.051,0.0512,0.04,-0.013,1,30.0,0.0864,0.0903,0.0156,0.0132,0.9117,5.0,0.0008,0.0106,0.0092,19.0,0.0,0.5,0.0026,ramekin,1,1,0
5,h,7,0.5016,-0.2,0.2,0.07,0.03,5,-0.011,-0.048,0.0492,0.038,-0.015,1,29.0,0.084,0.0829,0.0772,0.0226,0.9116,5.0,0.0282,0.0806,0.0772,-1.0,3.0,0.5,0.0,ramekin,0,1,1
5,h,8,0.5016,-0.2,0.2,0.07,0.03,5,-0.005,-0.051,0.0512,0.04,-0.013,1,30.0,0.0936,0.0944,0.0131,0.0089,0.9117,6.0,0.0014,0.0083,0.0061,19.0,0.0,0.4991,0.0001,ramekin,0,1,1
5,h,9,0.5016,-0.2,0.2,0.07,0.03,5,-0.009,-0.045,0.0459,0.038,-0.015,1,39.0,0.0922,0.0794,0.0589,0.0446,0.9129,9.0,0.006,0.1133,0.1133,-1.0,0.0,0.5,0.0009,distractor_bowl,0,1,1
6,g,1,0.7351,0.074,-0.04,-0.267133,-0.131107,7,-0.03,0.028,0.041,0.014,-0.039,1,30.0,0.082,0.0717,0.0522,0.0367,0.9111,5.0,0.0038,0.0152,0.0095,-1.0,0.0,0.5,0.0007,cookies,0,1,1
6,g,10,0.7351,0.074,-0.04,-0.267133,-0.131107,7,-0.021,0.024,0.0319,0.027,-0.026,1,31.0,0.0762,0.0668,0.0414,0.0168,0.9113,4.0,0.0032,0.0209,0.0156,20.0,0.0,0.5,0.0,distractor_bowl,0,1,0
6,g,11,0.7351,0.074,-0.04,-0.267133,-0.131107,7,-0.026,0.026,0.0368,0.024,-0.029,1,31.0,0.0733,0.069,0.0517,0.0202,0.9113,5.0,0.0039,0.0192,0.0192,-1.0,0.0,0.5,0.0012,cookies,0,1,1
6,g,12,0.7351,0.074,-0.04,-0.267133,-0.131107,7,-0.025,0.027,0.0368,0.022,-0.031,1,29.0,0.0762,0.0695,0.0584,0.0452,0.9108,5.0,0.0012,0.0215,0.0215,-1.0,0.0,0.5,0.0035,cookies,0,1,1
6,g,13,0.7351,0.074,-0.04,-0.267133,-0.131107,7,-0.021,0.025,0.0326,0.026,-0.027,1,37.0,0.0793,0.0729,0.0635,0.0462,0.9112,4.0,0.0012,0.0199,0.0199,-1.0,0.0,0.5,0.0016,cookies,0,1,1
6,g,14,0.7351,0.074,-0.04,-0.267133,-0.131107,7,-0.028,0.031,0.0418,0.017,-0.036,1,32.0,0.072,0.0693,0.0584,0.0447,0.9109,4.0,0.0012,0.0323,0.0319,-1.0,0.0,0.5,0.0159,cookies,0,1,1
6,g,15,0.7351,0.074,-0.04,-0.267133,-0.131107,7,-0.023,0.027,0.0355,0.022,-0.031,1,32.0,0.0797,0.065,0.0554,0.0268,0.9112,4.0,0.0035,0.0302,0.0238,-1.0,0.0,0.5,0.0342,distractor_bowl,0,1,1
6,g,16,0.7351,0.074,-0.04,-0.267133,-0.131107,7,-0.023,0.028,0.0362,0.024,-0.029,1,31.0,0.0793,0.0649,0.0656,0.0433,0.913,7.0,0.0036,0.0316,0.0283,-1.0,0.0,0.5,0.0074,cookies,0,1,1
6,g,17,0.7351,0.074,-0.04,-0.267133,-0.131107,7,-0.023,0.025,0.034,0.021,-0.032,1,32.0,0.08,0.0657,0.0399,0.0236,0.9115,5.0,0.0035,0.0219,0.0159,21.0,0.0,0.5,0.0,cookies,0,1,0
6,g,18,0.7351,0.074,-0.04,-0.267133,-0.131107,7,-0.03,0.028,0.041,0.017,-0.036,1,34.0,0.0794,0.0689,0.0409,0.0293,0.9114,7.0,0.0055,0.0235,0.0218,23.0,0.0,0.5,0.0,cookies,0,1,0
6,g,19,0.7351,0.074,-0.04,-0.267133,-0.131107,7,-0.022,0.027,0.0348,0.026,-0.027,1,29.0,0.0788,0.0664,0.0462,0.0264,0.911,4.0,0.0009,0.0196,0.0218,18.0,0.0,0.5,0.002,cookies,0,1,0
6,g,2,0.7351,0.074,-0.04,-0.267133,-0.131107,7,-0.025,0.026,0.0361,0.022,-0.031,1,35.0,0.0678,0.076,0.0545,0.0491,0.911,6.0,0.0012,0.0175,0.0165,-1.0,0.0,0.5,0.0004,distractor_bowl,0,1,1
6,g,20,0.7351,0.074,-0.04,-0.267133,-0.131107,7,-0.023,0.027,0.0355,0.031,-0.022,1,39.0,0.072,0.066,0.0583,0.0453,0.9115,8.0,0.0004,0.0349,0.0291,-1.0,0.0,0.5,0.0162,cookies,0,1,1
6,g,21,0.7351,0.074,-0.04,-0.267133,-0.131107,7,-0.022,0.027,0.0348,0.027,-0.026,1,44.0,0.0868,0.0798,0.0718,0.0463,0.9144,8.0,0.0054,0.0319,0.0308,-1.0,0.0,0.5,0.0115,cookies,0,1,1
6,g,22,0.7351,0.074,-0.04,-0.267133,-0.131107,7,-0.023,0.026,0.0347,0.029,-0.024,1,30.0,0.083,0.0676,0.0476,0.0409,0.9151,6.0,0.0041,0.0336,0.0272,-1.0,0.0,0.5,0.0085,cookies,0,1,1
6,g,23,0.7351,0.074,-0.04,-0.267133,-0.131107,7,-0.023,0.028,0.0362,0.023,-0.03,1,32.0,0.0704,0.0656,0.0564,0.0455,0.9112,4.0,0.0016,0.0263,0.0209,-1.0,0.0,0.5,0.0036,cookies,0,1,1
6,g,24,0.7351,0.074,-0.04,-0.267133,-0.131107,7,-0.027,0.026,0.0375,0.023,-0.03,1,35.0,0.0759,0.0726,0.039,0.0295,0.911,7.0,0.0041,0.0168,0.0117,24.0,0.0,0.5,0.0,cookies,0,1,0
6,g,25,0.7351,0.074,-0.04,-0.267133,-0.131107,7,-0.022,0.027,0.0348,0.03,-0.023,1,32.0,0.0784,0.0718,0.0366,0.0158,0.9115,5.0,0.0027,0.0212,0.0149,21.0,0.0,0.5,0.0,cookies,0,1,0
6,g,3,0.7351,0.074,-0.04,-0.267133,-0.131107,7,-0.03,0.028,0.041,0.017,-0.036,1,31.0,0.0642,0.0783,0.0552,0.0414,0.9109,4.0,0.0016,0.0194,0.0161,-1.0,0.0,0.5,0.0003,distractor_bowl,0,1,1
6,g,4,0.7351,0.074,-0.04,-0.267133,-0.131107,7,-0.025,0.027,0.0368,0.025,-0.028,1,50.0,0.0744,0.0708,0.0464,0.0433,0.9111,6.0,0.0013,0.0171,0.0148,39.0,0.0,0.5,0.001,distractor_bowl,0,1,0
6,g,5,0.7351,0.074,-0.04,-0.267133,-0.131107,7,-0.024,0.026,0.0354,0.024,-0.029,1,32.0,0.0771,0.0649,0.0496,0.0249,0.911,5.0,0.0023,0.0219,0.0201,21.0,0.0,0.5,0.0017,cookies,0,1,0
6,g,6,0.7351,0.074,-0.04,-0.267133,-0.131107,7,-0.026,0.026,0.0368,0.025,-0.028,1,28.0,0.0726,0.0705,0.0574,0.0505,0.912,4.0,0.0008,0.0216,0.0216,-1.0,0.0,0.5,0.0038,cookies,0,1,1
6,g,7,0.7351,0.074,-0.04,-0.267133,-0.131107,7,-0.014,0.025,0.0287,0.034,-0.019,1,35.0,0.0724,0.0716,0.0705,0.0378,0.9148,8.0,0.005,0.043,0.0422,-1.0,0.0,0.5,0.0233,cookies,0,1,1
6,g,8,0.7351,0.074,-0.04,-0.267133,-0.131107,7,-0.023,0.026,0.0347,0.029,-0.024,1,51.0,0.0756,0.0827,0.0549,0.0278,0.9111,11.0,0.0053,0.0325,0.0322,-1.0,0.0,0.5,0.0088,cookies,0,1,1
6,g,9,0.7351,0.074,-0.04,-0.267133,-0.131107,7,-0.026,0.028,0.0382,0.023,-0.03,1,32.0,0.0725,0.0703,0.0478,0.0406,0.9125,6.0,0.0038,0.0307,0.0226,21.0,0.0,0.5,0.0047,cookies,0,1,0
6,h,1,0.7351,0.074,-0.04,-0.267133,-0.131107,7,-0.028,0.026,0.0382,0.017,-0.036,1,29.0,0.0807,0.0646,0.0463,0.031,0.911,5.0,0.001,0.0124,0.0081,18.0,0.0,0.5,0.0,distractor_bowl,0,1,0
6,h,10,0.7351,0.074,-0.04,-0.267133,-0.131107,7,-0.019,0.027,0.033,0.03,-0.023,1,33.0,0.0733,0.0659,0.0545,0.0323,0.9113,5.0,0.0035,0.0251,0.025,-1.0,0.0,0.5,0.0035,cookies,0,1,1
6,h,11,0.7351,0.074,-0.04,-0.267133,-0.131107,7,-0.025,0.027,0.0368,0.027,-0.026,1,34.0,0.0705,0.078,0.0445,0.0421,0.9112,5.0,0.0009,0.0142,0.0063,23.0,0.0,0.5,0.0001,distractor_bowl,0,1,0
6,h,12,0.7351,0.074,-0.04,-0.267133,-0.131107,7,-0.025,0.027,0.0368,0.025,-0.028,1,31.0,0.0808,0.0712,0.0403,0.0281,0.9113,5.0,0.0027,0.023,0.0202,20.0,0.0,0.5,0.0026,cookies,0,1,0
6,h,13,0.7351,0.074,-0.04,-0.267133,-0.131107,7,-0.024,0.026,0.0354,0.028,-0.025,1,44.0,0.0736,0.0641,0.0546,0.0496,0.9119,6.0,0.0035,0.0279,0.0253,-1.0,0.0,0.5,0.0111,cookies,0,1,2
6,h,14,0.7351,0.074,-0.04,-0.267133,-0.131107,7,-0.024,0.026,0.0354,0.023,-0.03,1,34.0,0.0811,0.0679,0.0471,0.0325,0.9109,5.0,0.0053,0.0334,0.0297,23.0,0.0,0.5,0.0,distractor_bowl,0,1,0
6,h,15,0.7351,0.074,-0.04,-0.267133,-0.131107,7,-0.023,0.026,0.0347,0.03,-0.023,1,250.0,0.0728,0.073,0.0802,-1.0,-1.0,28.0,0.006,0.0771,0.072,-1.0,0.0,0.5,0.0441,cookies,0,0,0
6,h,16,0.7351,0.074,-0.04,-0.267133,-0.131107,7,-0.021,0.024,0.0319,0.023,-0.03,1,34.0,0.0596,0.078,0.0569,0.0422,0.9117,6.0,0.0029,0.0412,0.0254,-1.0,0.0,0.5,0.0058,cookies,0,1,1
6,h,17,0.7351,0.074,-0.04,-0.267133,-0.131107,7,-0.024,0.026,0.0354,0.022,-0.031,1,31.0,0.0596,0.0717,0.0521,0.0268,0.911,5.0,0.0017,0.022,0.0206,-1.0,0.0,0.5,0.0006,distractor_bowl,0,1,1
6,h,18,0.7351,0.074,-0.04,-0.267133,-0.131107,7,-0.021,0.026,0.0334,0.028,-0.025,1,32.0,0.0718,0.0651,0.0374,0.0321,0.9115,4.0,0.0029,0.0229,0.0145,21.0,0.0,0.5,0.001,distractor_bowl,0,1,0
6,h,19,0.7351,0.074,-0.04,-0.267133,-0.131107,7,-0.026,0.027,0.0375,0.021,-0.032,1,250.0,0.014,0.1771,0.2115,-1.0,-1.0,3.0,0.0,0.0418,0.0418,-1.0,0.0,0.5,0.0996,cookies,0,0,0
6,h,2,0.7351,0.074,-0.04,-0.267133,-0.131107,7,-0.021,0.024,0.0319,0.028,-0.025,1,46.0,0.07,0.0671,0.0581,0.0421,0.9113,10.0,0.0063,0.0357,0.0313,-1.0,0.0,0.5,0.0143,cookies,0,1,1
6,h,20,0.7351,0.074,-0.04,-0.267133,-0.131107,7,-0.023,0.028,0.0362,0.024,-0.029,1,30.0,0.0726,0.0869,0.0619,0.0298,0.9112,4.0,0.0011,0.0194,0.0194,-1.0,0.0,0.5,0.0,distractor_bowl,0,1,1
6,h,21,0.7351,0.074,-0.04,-0.267133,-0.131107,7,-0.025,0.028,0.0375,0.021,-0.032,1,31.0,0.0795,0.0644,0.065,0.0389,0.9111,5.0,0.0006,0.0311,0.0307,-1.0,0.0,0.5,0.0106,cookies,0,1,1
6,h,22,0.7351,0.074,-0.04,-0.267133,-0.131107,7,-0.021,0.025,0.0326,0.023,-0.03,1,44.0,0.0785,0.0663,0.0495,0.0487,0.9116,4.0,0.0009,0.0196,0.0196,34.0,0.0,0.5,0.0013,cookies,0,1,2
6,h,23,0.7351,0.074,-0.04,-0.267133,-0.131107,7,-0.022,0.025,0.0333,0.025,-0.028,1,32.0,0.0818,0.0663,0.0544,0.0412,0.9153,5.0,0.004,0.0354,0.0284,-1.0,0.0,0.5,0.0097,cookies,0,1,1
6,h,24,0.7351,0.074,-0.04,-0.267133,-0.131107,7,-0.027,0.027,0.0382,0.019,-0.034,1,33.0,0.0792,0.0662,0.0495,0.0312,0.9115,7.0,0.0042,0.0268,0.0242,22.0,0.0,0.5,0.005,cookies,0,1,0
6,h,25,0.7351,0.074,-0.04,-0.267133,-0.131107,7,-0.018,0.027,0.0324,0.031,-0.022,1,31.0,0.0782,0.065,0.046,0.0257,0.9109,4.0,0.0011,0.0209,0.0201,20.0,0.0,0.5,0.0,distractor_bowl,0,1,0
6,h,3,0.7351,0.074,-0.04,-0.267133,-0.131107,7,-0.016,0.025,0.0297,0.031,-0.022,1,38.0,0.0749,0.0669,0.0561,0.0496,0.9111,6.0,0.0013,0.0202,0.0198,-1.0,0.0,0.5,0.0012,distractor_bowl,0,1,1
6,h,4,0.7351,0.074,-0.04,-0.267133,-0.131107,7,-0.025,0.025,0.0354,0.022,-0.031,1,32.0,0.0732,0.0781,0.0576,0.0485,0.9111,5.0,0.0008,0.0274,0.0274,-1.0,0.0,0.5,0.0081,cookies,0,1,1
6,h,5,0.7351,0.074,-0.04,-0.267133,-0.131107,7,-0.022,0.026,0.0341,0.026,-0.027,1,29.0,0.0784,0.072,0.0599,0.0287,0.9112,5.0,0.0012,0.0259,0.0257,-1.0,0.0,0.5,0.009,cookies,0,1,1
6,h,6,0.7351,0.074,-0.04,-0.267133,-0.131107,7,-0.029,0.027,0.0396,0.019,-0.034,1,31.0,0.0773,0.0667,0.0511,0.0295,0.9112,6.0,0.0025,0.0229,0.0172,-1.0,0.0,0.5,0.0002,cookies,0,1,1
6,h,7,0.7351,0.074,-0.04,-0.267133,-0.131107,7,-0.024,0.027,0.0361,0.024,-0.029,1,32.0,0.0802,0.0643,0.0548,0.0373,0.9113,4.0,0.0036,0.026,0.0214,-1.0,0.0,0.5,0.0036,cookies,0,1,1
6,h,8,0.7351,0.074,-0.04,-0.267133,-0.131107,7,-0.023,0.026,0.0347,0.024,-0.029,1,31.0,0.0621,0.0775,0.0506,0.0337,0.9114,5.0,0.0041,0.0296,0.0264,-1.0,0.0,0.5,0.0062,cookies,0,1,1
6,h,9,0.7351,0.074,-0.04,-0.267133,-0.131107,7,-0.029,0.025,0.0383,0.015,-0.038,1,29.0,0.0703,0.0672,0.043,0.0399,0.911,4.0,0.001,0.0174,0.0072,18.0,0.0,0.5,0.0,cookies,0,1,0
7,g,1,0.4142,-0.267133,-0.131107,0.02573322,-0.29030457,4,-0.022,0.025,0.0333,0.03,-0.023,1,81.0,0.2087,0.1078,0.0393,0.0329,0.9155,13.0,0.0,0.0317,0.0253,70.0,0.0,0.5,0.0,cookies,0,1,1
7,g,10,0.4142,-0.267133,-0.131107,0.02573322,-0.29030457,4,-0.016,0.027,0.0314,0.035,-0.018,1,54.0,0.1777,0.0797,0.0087,0.0118,0.9122,5.0,0.0001,0.0218,0.0199,43.0,0.0,0.5,0.0,cookies,0,1,0
7,g,11,0.4142,-0.267133,-0.131107,0.02573322,-0.29030457,4,-0.019,0.023,0.0298,0.034,-0.019,1,46.0,0.2173,0.0944,0.0034,0.0209,0.9151,7.0,0.0003,0.0267,0.0258,35.0,0.0,0.5,0.0,cookies,0,1,0
7,g,12,0.4142,-0.267133,-0.131107,0.02573322,-0.29030457,4,-0.021,0.025,0.0326,0.032,-0.021,1,44.0,0.1855,0.0834,0.0366,0.0288,0.9151,8.0,0.0,0.0352,0.0352,-1.0,0.0,0.4679,0.0,cookies,0,1,1
7,g,13,0.4142,-0.267133,-0.131107,0.02573322,-0.29030457,4,-0.018,0.025,0.0308,0.034,-0.019,1,41.0,0.1654,0.0834,0.0471,0.0368,0.9111,6.0,0.0075,0.0518,0.0518,-1.0,0.0,0.5,0.0,cookies,0,1,1
7,g,14,0.4142,-0.267133,-0.131107,0.02573322,-0.29030457,4,-0.02,0.027,0.0336,0.037,-0.016,1,37.0,0.1995,0.0823,0.0317,0.0337,0.9149,8.0,0.0001,0.0163,0.0163,-1.0,0.0,0.5,0.0,cookies,0,1,1
7,g,15,0.4142,-0.267133,-0.131107,0.02573322,-0.29030457,4,-0.022,0.026,0.0341,0.035,-0.018,1,344.0,0.2445,0.148,0.0736,0.0383,0.9094,27.0,0.0333,0.1046,0.1046,-1.0,0.0,0.5,0.1334,cookies,0,1,1
7,g,16,0.4142,-0.267133,-0.131107,0.02573322,-0.29030457,4,-0.021,0.024,0.0319,0.032,-0.021,1,54.0,0.2263,0.1069,0.034,0.0333,0.9153,8.0,0.0023,0.0115,0.0107,43.0,0.0,0.5,0.0,cookies,0,1,0
7,g,17,0.4142,-0.267133,-0.131107,0.02573322,-0.29030457,4,-0.022,0.026,0.0341,0.035,-0.018,1,48.0,0.1719,0.0849,0.0606,0.0332,0.9139,7.0,0.0188,0.0896,0.087,-1.0,5.0,0.5,0.0,cookies,0,1,1
7,g,18,0.4142,-0.267133,-0.131107,0.02573322,-0.29030457,4,-0.018,0.018,0.0255,0.026,-0.027,1,350.0,0.1931,0.1048,0.3164,-1.0,-1.0,25.0,0.0333,0.1191,0.1191,-1.0,553.0,0.5,0.0204,ramekin,0,0,0
7,g,19,0.4142,-0.267133,-0.131107,0.02573322,-0.29030457,4,-0.018,0.03,0.035,0.033,-0.02,1,29.0,0.151,0.0992,0.037,0.0277,0.9167,5.0,0.0,0.0182,0.031,18.0,0.0,0.4189,0.0,cookies,0,1,0
7,g,2,0.4142,-0.267133,-0.131107,0.02573322,-0.29030457,4,-0.02,0.027,0.0336,0.034,-0.019,1,71.0,0.2183,0.0952,0.0123,0.0091,0.912,8.0,0.0042,0.0239,0.0261,60.0,0.0,0.5,0.0,cookies,0,1,0
7,g,20,0.4142,-0.267133,-0.131107,0.02573322,-0.29030457,4,-0.018,0.028,0.0333,0.035,-0.018,1,36.0,0.1451,0.0791,0.0551,0.0197,0.9117,5.0,0.0019,0.0457,0.0376,-1.0,0.0,0.5,0.0,cookies,0,1,1
7,g,21,0.4142,-0.267133,-0.131107,0.02573322,-0.29030457,4,-0.023,0.02,0.0305,0.025,-0.028,1,57.0,0.1874,0.0999,0.0096,0.012,0.9149,7.0,0.0,0.0365,0.0365,46.0,0.0,0.5,0.0,cookies,0,1,0
7,g,22,0.4142,-0.267133,-0.131107,0.02573322,-0.29030457,4,-0.015,0.027,0.0309,0.037,-0.016,1,46.0,0.1818,0.0835,0.0364,0.0224,0.9139,5.0,0.0007,0.0328,0.0315,35.0,0.0,0.5,0.0,cookies,0,1,0
7,g,23,0.4142,-0.267133,-0.131107,0.02573322,-0.29030457,4,-0.019,0.025,0.0314,0.031,-0.022,1,97.0,0.1863,0.0868,0.0622,0.0306,0.9076,7.0,0.0332,0.1155,0.1144,-1.0,0.0,0.5,0.0012,cookies,0,1,1
7,g,24,0.4142,-0.267133,-0.131107,0.02573322,-0.29030457,4,-0.021,0.026,0.0334,0.031,-0.022,1,350.0,0.1793,0.0897,0.2155,-1.0,-1.0,18.0,0.0333,0.1757,0.1757,-1.0,0.0,0.5,0.0928,cookies,0,0,0
7,g,25,0.4142,-0.267133,-0.131107,0.02573322,-0.29030457,4,-0.022,0.028,0.0356,0.033,-0.02,1,34.0,0.1514,0.0882,0.0325,0.0325,0.9121,6.0,0.0,0.0358,0.0342,23.0,87.0,0.5,0.0,cookies,0,1,0
7,g,3,0.4142,-0.267133,-0.131107,0.02573322,-0.29030457,4,-0.02,0.023,0.0305,0.031,-0.022,1,42.0,0.1828,0.0803,0.0343,0.0236,0.9156,6.0,0.0008,0.052,0.0674,31.0,0.0,0.5,0.0,cookies,0,1,0
7,g,4,0.4142,-0.267133,-0.131107,0.02573322,-0.29030457,4,-0.019,0.024,0.0306,0.036,-0.017,1,350.0,0.2497,0.1072,0.1614,-1.0,-1.0,21.0,0.0332,0.08,0.08,-1.0,0.0,0.5,0.1041,cookies,0,0,0
7,g,5,0.4142,-0.267133,-0.131107,0.02573322,-0.29030457,4,-0.02,0.023,0.0305,0.033,-0.02,1,350.0,0.1943,0.1502,0.2621,-1.0,-1.0,16.0,0.0333,0.1424,0.1424,-1.0,3.0,0.5,0.1778,cookies,0,0,0
7,g,6,0.4142,-0.267133,-0.131107,0.02573322,-0.29030457,4,-0.021,0.025,0.0326,0.034,-0.019,1,59.0,0.1987,0.0951,0.0327,0.0322,0.9118,9.0,0.0002,0.0363,0.0364,49.0,0.0,0.5,0.0,cookies,0,1,3
7,g,7,0.4142,-0.267133,-0.131107,0.02573322,-0.29030457,4,-0.018,0.025,0.0308,0.035,-0.018,1,47.0,0.2034,0.0894,0.021,0.0305,0.912,8.0,0.0,0.0214,0.0182,-1.0,0.0,0.5,0.0,cookies,0,1,2
7,g,8,0.4142,-0.267133,-0.131107,0.02573322,-0.29030457,4,-0.016,0.027,0.0314,0.035,-0.018,1,350.0,0.1903,0.0746,0.1472,-1.0,-1.0,25.0,0.0332,0.0885,0.0818,-1.0,7.0,0.5,0.1634,cookies,0,0,0
7,g,9,0.4142,-0.267133,-0.131107,0.02573322,-0.29030457,4,-0.02,0.023,0.0305,0.036,-0.017,1,43.0,0.1797,0.0818,0.0229,0.0238,0.9133,6.0,0.0006,0.049,0.0483,32.0,0.0,0.5,0.0,cookies,0,1,0
7,h,1,0.4142,-0.267133,-0.131107,0.02573322,-0.29030457,4,-0.022,0.024,0.0326,0.033,-0.02,1,40.0,0.1912,0.0881,0.0266,0.0325,0.9118,6.0,0.0002,0.0167,0.0112,29.0,0.0,0.5,0.0,cookies,0,1,0
7,h,10,0.4142,-0.267133,-0.131107,0.02573322,-0.29030457,4,-0.018,0.028,0.0333,0.036,-0.017,1,69.0,0.2063,0.0974,0.0533,-1.0,-1.0,9.0,0.0092,0.0354,0.0302,-1.0,0.0,0.5,0.0,cookies,0,0,0
7,h,11,0.4142,-0.267133,-0.131107,0.02573322,-0.29030457,4,-0.018,0.025,0.0308,0.036,-0.017,1,43.0,0.1769,0.0715,0.0255,0.016,0.915,6.0,0.0005,0.0263,0.023,32.0,0.0,0.5,0.0,cookies,0,1,0
7,h,12,0.4142,-0.267133,-0.131107,0.02573322,-0.29030457,4,-0.02,0.027,0.0336,0.036,-0.017,1,40.0,0.1778,0.0832,0.0363,0.015,0.912,5.0,0.001,0.0337,0.0471,29.0,0.0,0.5,0.0,cookies,0,1,0
7,h,13,0.4142,-0.267133,-0.131107,0.02573322,-0.29030457,4,-0.018,0.027,0.0324,0.034,-0.019,1,43.0,0.1781,0.0872,0.0697,0.0222,0.9125,4.0,0.0179,0.0333,0.0333,-1.0,0.0,0.5,0.0,cookies,0,1,1
7,h,14,0.4142,-0.267133,-0.131107,0.02573322,-0.29030457,4,-0.021,0.027,0.0342,0.033,-0.02,1,350.0,0.1814,0.0939,0.2109,-1.0,-1.0,18.0,0.0329,0.2248,0.2248,-1.0,0.0,0.5,0.1224,cookies,0,0,0
7,h,15,0.4142,-0.267133,-0.131107,0.02573322,-0.29030457,4,-0.017,0.027,0.0319,0.038,-0.015,1,45.0,0.2017,0.0699,0.0279,-1.0,-1.0,6.0,0.0,0.0097,0.0096,-1.0,0.0,0.5,0.0,cookies,0,0,0
7,h,16,0.4142,-0.267133,-0.131107,0.02573322,-0.29030457,4,-0.02,0.025,0.032,0.034,-0.019,1,39.0,0.2003,0.0962,0.0301,0.0212,0.914,7.0,0.0001,0.0388,0.0394,28.0,0.0,0.5,0.0,cookies,0,1,0
7,h,17,0.4142,-0.267133,-0.131107,0.02573322,-0.29030457,4,-0.017,0.028,0.0328,0.035,-0.018,1,90.0,0.1851,0.0773,0.0274,0.0338,0.9082,14.0,0.0332,0.0666,0.0666,-1.0,0.0,0.5,0.0,cookies,0,1,1
7,h,18,0.4142,-0.267133,-0.131107,0.02573322,-0.29030457,4,-0.019,0.028,0.0338,0.036,-0.017,1,41.0,0.2036,0.0822,0.0318,0.0341,0.9118,7.0,0.0003,0.037,0.0368,30.0,0.0,0.5,0.0,cookies,0,1,0
7,h,19,0.4142,-0.267133,-0.131107,0.02573322,-0.29030457,4,-0.023,0.029,0.037,0.031,-0.022,1,51.0,0.1884,0.0913,0.0508,0.034,0.9174,9.0,0.0,0.0257,0.0257,-1.0,0.0,0.5,0.0,cookies,0,1,1
7,h,2,0.4142,-0.267133,-0.131107,0.02573322,-0.29030457,4,-0.017,0.027,0.0319,0.033,-0.02,1,46.0,0.2141,0.1003,0.0139,0.0276,0.9121,8.0,0.0001,0.0249,0.0246,35.0,0.0,0.5,0.0,cookies,0,1,0
7,h,20,0.4142,-0.267133,-0.131107,0.02573322,-0.29030457,4,-0.017,0.025,0.0302,0.036,-0.017,1,61.0,0.2018,0.0846,0.0367,0.0392,0.9119,7.0,0.0002,0.0405,0.0398,50.0,0.0,0.5,0.0,cookies,0,1,0
7,h,21,0.4142,-0.267133,-0.131107,0.02573322,-0.29030457,4,-0.016,0.028,0.0322,0.037,-0.016,1,350.0,0.2386,0.8751,0.1608,-1.0,-1.0,19.0,0.0331,0.0889,0.0889,-1.0,0.0,0.4786,0.1791,cookies,0,0,0
7,h,22,0.4142,-0.267133,-0.131107,0.02573322,-0.29030457,4,-0.02,0.024,0.0312,0.034,-0.019,1,39.0,0.1965,0.0967,0.0313,0.0398,0.9115,5.0,0.0004,0.0392,0.0264,-1.0,0.0,0.5,0.0,cookies,0,1,1
7,h,23,0.4142,-0.267133,-0.131107,0.02573322,-0.29030457,4,-0.017,0.027,0.0319,0.037,-0.016,1,350.0,0.0168,0.569,0.5541,-1.0,-1.0,3.0,0.0056,0.0,0.0,-1.0,0.0,0.5,0.3735,ramekin,0,0,0
7,h,24,0.4142,-0.267133,-0.131107,0.02573322,-0.29030457,4,-0.019,0.025,0.0314,0.035,-0.018,1,350.0,0.2105,0.0933,0.3716,-1.0,-1.0,35.0,0.0332,0.138,0.1361,-1.0,423.0,0.5,0.0545,ramekin,0,0,0
7,h,25,0.4142,-0.267133,-0.131107,0.02573322,-0.29030457,4,-0.01,0.025,0.0269,0.041,-0.012,1,350.0,0.0123,0.361,0.5163,-1.0,-1.0,2.0,0.0163,0.0,0.0,-1.0,0.0,0.5,0.4556,ramekin,0,0,0
7,h,3,0.4142,-0.267133,-0.131107,0.02573322,-0.29030457,4,-0.019,0.025,0.0314,0.033,-0.02,1,53.0,0.1875,0.0905,0.0281,0.018,0.9133,5.0,0.0002,0.0379,0.0411,42.0,0.0,0.489,0.0,cookies,0,1,0
7,h,4,0.4142,-0.267133,-0.131107,0.02573322,-0.29030457,4,-0.015,0.021,0.0258,0.035,-0.018,1,99.0,0.2347,0.095,0.0113,0.0194,0.9125,9.0,0.0194,0.0545,0.0544,88.0,0.0,0.5,0.0,cookies,0,1,0
7,h,5,0.4142,-0.267133,-0.131107,0.02573322,-0.29030457,4,-0.02,0.026,0.0328,0.034,-0.019,1,350.0,0.2127,0.0884,0.1431,-1.0,-1.0,16.0,0.0332,0.088,0.0314,-1.0,0.0,0.5,0.0553,cookies,0,0,0
7,h,6,0.4142,-0.267133,-0.131107,0.02573322,-0.29030457,4,-0.018,0.025,0.0308,0.035,-0.018,1,43.0,0.194,0.0742,0.0747,0.0489,0.913,6.0,0.0201,0.0278,0.0255,-1.0,0.0,0.5,0.0,cookies,0,1,1
7,h,7,0.4142,-0.267133,-0.131107,0.02573322,-0.29030457,4,-0.022,0.025,0.0333,0.033,-0.02,1,350.0,0.0149,0.7271,0.5972,-1.0,-1.0,4.0,0.0335,0.0,0.0,-1.0,0.0,0.5,1.1867,ramekin,0,0,0
7,h,8,0.4142,-0.267133,-0.131107,0.02573322,-0.29030457,4,-0.019,0.025,0.0314,0.032,-0.021,1,40.0,0.1947,0.0939,0.0285,0.0172,0.9118,6.0,0.0002,0.0204,0.0149,29.0,0.0,0.5,0.0,cookies,0,1,0
7,h,9,0.4142,-0.267133,-0.131107,0.02573322,-0.29030457,4,-0.021,0.026,0.0334,0.033,-0.02,1,46.0,0.1777,0.0815,0.0243,0.0238,0.9122,5.0,0.0003,0.036,0.035,35.0,0.0,0.5,0.0,cookies,0,1,0
8,g,1,0.7382,0.01,0.31,-0.18087,0.31796,7,-0.031,-0.058,0.0658,0.038,-0.015,1,25.0,0.0568,0.0871,0.0086,0.0189,0.9119,2.0,0.0002,0.0079,0.0069,14.0,0.0,0.5,0.0,ramekin,0,1,0
8,g,10,0.7382,0.01,0.31,-0.18087,0.31796,7,-0.018,-0.059,0.0617,0.042,-0.011,1,150.0,0.0573,0.1353,0.0888,-1.0,-1.0,16.0,0.013,0.1383,0.1383,-1.0,0.0,0.5,0.0004,cookies,0,0,0
8,g,11,0.7382,0.01,0.31,-0.18087,0.31796,7,-0.027,-0.059,0.0649,0.036,-0.017,1,25.0,0.0507,0.0902,0.0192,0.0176,0.917,2.0,0.0002,0.0114,0.0124,14.0,0.0,0.5,0.0,ramekin,0,1,0
8,g,12,0.7382,0.01,0.31,-0.18087,0.31796,7,-0.025,-0.052,0.0577,0.038,-0.015,1,28.0,0.0635,0.0872,0.0736,0.0454,0.9161,5.0,0.0,0.0253,0.0204,-1.0,0.0,0.5,0.0,ramekin,0,1,1
8,g,13,0.7382,0.01,0.31,-0.18087,0.31796,7,-0.021,-0.057,0.0607,0.04,-0.013,1,85.0,0.0548,0.0887,0.0231,0.0072,0.9085,10.0,0.0113,0.0809,0.0806,-1.0,0.0,0.5,0.0003,cookies,0,1,1
8,g,14,0.7382,0.01,0.31,-0.18087,0.31796,7,-0.032,-0.055,0.0636,0.037,-0.016,1,26.0,0.0627,0.0851,0.0879,0.0331,0.9129,4.0,0.0,0.02,0.02,-1.0,0.0,0.5,0.0,ramekin,0,1,1
8,g,15,0.7382,0.01,0.31,-0.18087,0.31796,7,-0.031,-0.062,0.0693,0.036,-0.017,1,27.0,0.0626,0.0763,0.0385,0.0243,0.9149,4.0,0.0002,0.0078,0.0081,16.0,0.0,0.5,0.0,ramekin,0,1,0
8,g,16,0.7382,0.01,0.31,-0.18087,0.31796,7,-0.022,-0.061,0.0648,0.041,-0.012,1,26.0,0.0552,0.0866,0.0662,0.041,0.9133,3.0,0.0002,0.0305,0.0305,-1.0,0.0,0.4265,0.0,distractor_bowl,0,1,1
8,g,17,0.7382,0.01,0.31,-0.18087,0.31796,7,-0.021,-0.063,0.0664,0.04,-0.013,1,111.0,0.0523,0.0841,0.0324,0.0263,0.9115,13.0,0.0067,0.0674,0.0604,100.0,0.0,0.5,0.0,distractor_bowl,0,1,1
8,g,18,0.7382,0.01,0.31,-0.18087,0.31796,7,-0.024,-0.061,0.0656,0.041,-0.012,1,26.0,0.0583,0.0873,0.0365,0.031,0.9146,1.0,0.0014,0.0275,0.0271,-1.0,0.0,0.5,0.0,ramekin,0,1,1
8,g,19,0.7382,0.01,0.31,-0.18087,0.31796,7,-0.021,-0.056,0.0598,0.04,-0.013,1,25.0,0.0519,0.0789,0.0754,0.0241,0.9132,2.0,0.0006,0.0164,0.0121,-1.0,0.0,0.5,0.0,distractor_bowl,0,1,1
8,g,2,0.7382,0.01,0.31,-0.18087,0.31796,7,-0.025,-0.061,0.0659,0.039,-0.014,1,26.0,0.0674,0.0929,0.0398,0.0231,0.9129,2.0,0.0,0.0067,0.0063,15.0,0.0,0.4724,0.0,cookies,1,1,0
8,g,20,0.7382,0.01,0.31,-0.18087,0.31796,7,-0.028,-0.062,0.068,0.041,-0.012,1,25.0,0.0562,0.0944,0.0114,0.0277,0.914,2.0,0.0,0.0077,0.0271,14.0,0.0,0.5,0.0,distractor_bowl,0,1,0
8,g,21,0.7382,0.01,0.31,-0.18087,0.31796,7,-0.021,-0.06,0.0636,0.04,-0.013,1,37.0,0.0506,0.0784,0.0039,0.014,0.9119,5.0,0.0004,0.0101,0.0092,26.0,0.0,0.5,0.0,distractor_bowl,0,1,1
8,g,22,0.7382,0.01,0.31,-0.18087,0.31796,7,-0.03,-0.057,0.0644,0.037,-0.016,1,27.0,0.0501,0.0889,0.0843,0.0351,0.9129,5.0,0.0001,0.023,0.023,-1.0,0.0,0.4942,0.0,ramekin,0,1,1
8,g,23,0.7382,0.01,0.31,-0.18087,0.31796,7,-0.022,-0.058,0.062,0.04,-0.013,1,24.0,0.0434,0.0864,0.0629,0.0209,0.9151,3.0,0.0006,0.0108,0.0108,-1.0,0.0,0.5,0.0,ramekin,0,1,1
8,g,24,0.7382,0.01,0.31,-0.18087,0.31796,7,-0.023,-0.061,0.0652,0.04,-0.013,1,48.0,0.0544,0.0877,0.0553,0.0485,0.9064,6.0,0.0073,0.078,0.078,-1.0,0.0,0.5,0.0,ramekin,0,1,2
8,g,25,0.7382,0.01,0.31,-0.18087,0.31796,7,-0.023,-0.059,0.0633,0.038,-0.015,1,27.0,0.0642,0.0774,0.0565,0.0149,0.9139,3.0,0.0006,0.0073,0.0073,-1.0,0.0,0.5,0.0,ramekin,0,1,1
8,g,3,0.7382,0.01,0.31,-0.18087,0.31796,7,-0.028,-0.061,0.0671,0.038,-0.015,1,23.0,0.0582,0.0925,0.0164,0.0153,0.912,2.0,0.0,0.0032,0.0026,-1.0,0.0,0.5,0.0,ramekin,0,1,1
8,g,4,0.7382,0.01,0.31,-0.18087,0.31796,7,-0.021,-0.057,0.0607,0.042,-0.011,1,29.0,0.0651,0.0792,0.0977,0.0302,0.9123,3.0,0.0002,0.0092,0.005,-1.0,0.0,0.5,0.0,ramekin,0,1,1
8,g,5,0.7382,0.01,0.31,-0.18087,0.31796,7,-0.027,-0.06,0.0658,0.036,-0.017,1,35.0,0.0634,0.0839,0.0475,0.0385,0.9143,6.0,0.0009,0.0202,0.017,24.0,0.0,0.5,0.0,ramekin,0,1,0
8,g,6,0.7382,0.01,0.31,-0.18087,0.31796,7,-0.024,-0.055,0.06,0.037,-0.016,1,116.0,0.075,0.0893,0.0584,0.0365,0.9157,14.0,0.0,0.0388,0.0186,-1.0,0.0,0.305,0.0,ramekin,0,1,1
8,g,7,0.7382,0.01,0.31,-0.18087,0.31796,7,-0.028,-0.057,0.0635,0.037,-0.016,1,26.0,0.0503,0.0832,0.0186,0.0298,0.9117,2.0,0.0008,0.013,0.0212,15.0,0.0,0.5,0.0,ramekin,0,1,0
8,g,8,0.7382,0.01,0.31,-0.18087,0.31796,7,-0.028,-0.058,0.0644,0.038,-0.015,1,23.0,0.0518,0.0876,0.0204,0.0132,0.912,3.0,0.0,0.018,0.016,-1.0,0.0,0.5,0.0,ramekin,0,1,1
8,g,9,0.7382,0.01,0.31,-0.18087,0.31796,7,-0.026,-0.06,0.0654,0.038,-0.015,1,150.0,0.0228,0.163,0.1552,-1.0,-1.0,3.0,0.0001,0.1698,0.1698,-1.0,0.0,0.5,0.0073,cookies,0,0,0
8,h,1,0.7382,0.01,0.31,-0.18087,0.31796,7,-0.028,-0.059,0.0653,0.036,-0.017,1,34.0,0.0605,0.0852,0.0758,0.0422,0.9171,6.0,0.0002,0.0176,0.0105,-1.0,0.0,0.5,0.0,cookies,0,1,1
8,h,10,0.7382,0.01,0.31,-0.18087,0.31796,7,-0.031,-0.059,0.0666,0.041,-0.012,1,150.0,0.0427,0.2175,0.1843,-1.0,-1.0,4.0,0.0012,0.0949,0.0949,-1.0,0.0,0.5,0.004,distractor_bowl,0,0,0
8,h,11,0.7382,0.01,0.31,-0.18087,0.31796,7,-0.022,-0.059,0.063,0.041,-0.012,1,24.0,0.054,0.0892,0.0639,0.0309,0.9124,4.0,0.0005,0.0131,0.0131,-1.0,0.0,0.5,0.0,distractor_bowl,0,1,1
8,h,12,0.7382,0.01,0.31,-0.18087,0.31796,7,-0.024,-0.06,0.0646,0.038,-0.015,1,25.0,0.0528,0.0852,0.0681,0.0237,0.9118,1.0,0.0003,0.0145,0.0138,-1.0,0.0,0.5,0.0,ramekin,0,1,1
8,h,13,0.7382,0.01,0.31,-0.18087,0.31796,7,-0.021,-0.06,0.0636,0.04,-0.013,1,25.0,0.0504,0.0892,0.0616,0.0265,0.9124,3.0,0.0002,0.0178,0.0178,-1.0,0.0,0.4923,0.0,ramekin,0,1,1
8,h,14,0.7382,0.01,0.31,-0.18087,0.31796,7,-0.022,-0.059,0.063,0.039,-0.014,1,117.0,0.0557,0.0982,0.1924,0.033,0.9107,19.0,0.0139,0.0942,0.0942,-1.0,0.0,0.5,0.0,ramekin,0,1,1
8,h,15,0.7382,0.01,0.31,-0.18087,0.31796,7,-0.024,-0.063,0.0674,0.041,-0.012,1,26.0,0.0613,0.0886,0.0762,0.0263,0.9127,4.0,0.0004,0.0213,0.0213,-1.0,0.0,0.5,0.0,ramekin,0,1,1
8,h,16,0.7382,0.01,0.31,-0.18087,0.31796,7,-0.026,-0.059,0.0645,0.037,-0.016,1,33.0,0.067,0.0916,0.0069,0.0142,0.9153,2.0,0.0,0.0233,0.023,-1.0,0.0,0.5,0.0,ramekin,0,1,2
8,h,17,0.7382,0.01,0.31,-0.18087,0.31796,7,-0.02,-0.061,0.0642,0.041,-0.012,1,27.0,0.0508,0.0889,0.0145,0.0204,0.9157,1.0,0.0002,0.0105,0.0105,16.0,0.0,0.5,0.0,distractor_bowl,1,1,0
8,h,18,0.7382,0.01,0.31,-0.18087,0.31796,7,-0.021,-0.059,0.0626,0.039,-0.014,1,27.0,0.0493,0.0859,0.0448,0.0319,0.9171,1.0,0.0002,0.0072,0.0059,-1.0,0.0,0.5,0.0,ramekin,0,1,1
8,h,19,0.7382,0.01,0.31,-0.18087,0.31796,7,-0.028,-0.062,0.068,0.036,-0.017,1,26.0,0.065,0.0886,0.0498,0.0201,0.9147,5.0,0.0001,0.0067,0.0021,-1.0,0.0,0.5,0.0,ramekin,0,1,1
8,h,2,0.7382,0.01,0.31,-0.18087,0.31796,7,-0.026,-0.06,0.0654,0.04,-0.013,1,31.0,0.061,0.0854,0.0202,0.0049,0.9156,1.0,0.0,0.0027,0.0013,20.0,0.0,0.5,0.0,ramekin,1,1,1
8,h,20,0.7382,0.01,0.31,-0.18087,0.31796,7,-0.023,-0.059,0.0633,0.039,-0.014,1,27.0,0.058,0.0895,0.0749,0.0465,0.9138,2.0,0.0004,0.0136,0.0134,-1.0,0.0,0.5,0.0,ramekin,0,1,1
8,h,21,0.7382,0.01,0.31,-0.18087,0.31796,7,-0.024,-0.062,0.0665,0.041,-0.012,1,27.0,0.0562,0.0892,0.0576,0.0187,0.9145,3.0,0.0012,0.0077,0.0077,-1.0,0.0,0.5,0.0,ramekin,0,1,1
8,h,22,0.7382,0.01,0.31,-0.18087,0.31796,7,-0.033,-0.059,0.0676,0.035,-0.018,1,23.0,0.0633,0.0865,0.0124,0.0141,0.9118,1.0,0.0001,0.002,0.0016,12.0,0.0,0.5,0.0,ramekin,1,1,0
8,h,23,0.7382,0.01,0.31,-0.18087,0.31796,7,-0.022,-0.061,0.0648,0.039,-0.014,1,27.0,0.0576,0.0871,0.0713,0.037,0.9124,4.0,0.0001,0.0221,0.0221,-1.0,0.0,0.5,0.0,ramekin,0,1,1
8,h,24,0.7382,0.01,0.31,-0.18087,0.31796,7,-0.021,-0.061,0.0645,0.041,-0.012,1,24.0,0.0511,0.0775,0.0479,0.025,0.9121,2.0,0.0004,0.0064,0.0017,13.0,0.0,0.5,0.0,ramekin,0,1,0
8,h,25,0.7382,0.01,0.31,-0.18087,0.31796,7,-0.026,-0.061,0.0663,0.04,-0.013,1,28.0,0.0475,0.092,0.0844,0.0375,0.9174,3.0,0.0007,0.0155,0.013,-1.0,0.0,0.5,0.0,ramekin,0,1,1
8,h,3,0.7382,0.01,0.31,-0.18087,0.31796,7,-0.027,-0.063,0.0685,0.039,-0.014,1,28.0,0.0567,0.0931,0.0161,0.0179,0.9155,3.0,0.0,0.004,0.004,17.0,0.0,0.5,0.0,ramekin,1,1,0
8,h,4,0.7382,0.01,0.31,-0.18087,0.31796,7,-0.02,-0.058,0.0614,0.041,-0.012,1,25.0,0.0583,0.0785,0.0151,0.0102,0.9164,3.0,0.0,0.008,0.008,14.0,0.0,0.5,0.0,ramekin,1,1,0
8,h,5,0.7382,0.01,0.31,-0.18087,0.31796,7,-0.028,-0.058,0.0644,0.04,-0.013,1,150.0,0.0967,0.1952,0.0304,-1.0,-1.0,9.0,0.0139,0.1594,0.1594,-1.0,0.0,0.5,0.0,ramekin,0,0,0
8,h,6,0.7382,0.01,0.31,-0.18087,0.31796,7,-0.027,-0.059,0.0649,0.037,-0.016,1,25.0,0.0661,0.0929,0.0482,0.0242,0.9144,2.0,0.0,0.0127,0.0151,14.0,0.0,0.5,0.0,ramekin,0,1,0
8,h,7,0.7382,0.01,0.31,-0.18087,0.31796,7,-0.026,-0.057,0.0626,0.039,-0.014,1,25.0,0.051,0.0862,0.0082,0.0164,0.9124,2.0,0.0002,0.0099,0.0091,14.0,0.0,0.5,0.0,ramekin,0,1,0
8,h,8,0.7382,0.01,0.31,-0.18087,0.31796,7,-0.027,-0.057,0.0631,0.042,-0.011,1,36.0,0.0539,0.087,0.0343,0.0455,0.9117,3.0,0.0008,0.0226,0.0235,25.0,0.0,0.4997,0.0,ramekin,0,1,0
8,h,9,0.7382,0.01,0.31,-0.18087,0.31796,7,-0.022,-0.06,0.0639,0.04,-0.013,1,26.0,0.0529,0.0895,0.0722,0.0369,0.9122,4.0,0.0004,0.016,0.016,-1.0,0.0,0.5,0.0,ramekin,0,1,1
9,g,1,0.7447,0.02573322,-0.29030457,-0.267133,-0.131107,5,-0.045,0.06,0.075,0.041,-0.012,1,86.0,0.0145,0.287,0.0682,0.0282,0.9115,22.0,0.2285,0.0353,0.0353,-1.0,0.0,0.5,0.0,distractor_bowl,0,1,1
9,g,10,0.7447,0.02573322,-0.29030457,-0.267133,-0.131107,6,-0.039,0.059,0.0707,0.025,-0.028,1,250.0,0.0,0.4393,0.4654,-1.0,-1.0,0.0,0.0,0.0,0.0,-1.0,0.0,0.5,0.0,ramekin,0,0,0
9,g,11,0.7447,0.02573322,-0.29030457,-0.267133,-0.131107,6,-0.048,0.052,0.0708,0.025,-0.028,1,34.0,0.0813,0.1229,0.0612,0.0198,0.9116,11.0,0.2066,0.0111,0.0111,-1.0,0.0,0.5,0.0,distractor_bowl,0,1,1
9,g,12,0.7447,0.02573322,-0.29030457,-0.267133,-0.131107,5,-0.041,0.059,0.0718,0.041,-0.012,1,250.0,0.062,0.6414,0.1509,-1.0,-1.0,13.0,0.2285,0.2431,0.2396,-1.0,0.0,0.5,0.5704,ramekin,0,0,0
9,g,13,0.7447,0.02573322,-0.29030457,-0.267133,-0.131107,6,-0.039,0.053,0.0658,0.025,-0.028,1,35.0,0.046,0.1368,0.0374,0.0029,0.9119,9.0,0.0912,0.0196,0.0196,-1.0,0.0,0.5,0.0,ramekin,0,1,1
9,g,14,0.7447,0.02573322,-0.29030457,-0.267133,-0.131107,5,-0.047,0.053,0.0708,0.04,-0.013,1,37.0,0.0787,0.1215,0.0399,0.0129,0.912,11.0,0.2024,0.0081,0.0044,-1.0,0.0,0.5,0.0,ramekin,0,1,1
9,g,15,0.7447,0.02573322,-0.29030457,-0.267133,-0.131107,5,-0.05,0.054,0.0736,0.037,-0.016,1,33.0,0.0535,0.1013,0.0181,0.0149,0.9152,10.0,0.0146,0.013,0.0072,-1.0,0.0,0.5,0.0,ramekin,0,1,1
9,g,16,0.7447,0.02573322,-0.29030457,-0.267133,-0.131107,5,-0.052,0.05,0.0721,0.034,-0.019,1,35.0,0.096,0.1246,0.06,0.0197,0.9114,7.0,0.1987,0.0203,0.0185,-1.0,0.0,0.5,0.0,ramekin,0,1,1
9,g,17,0.7447,0.02573322,-0.29030457,-0.267133,-0.131107,6,-0.042,0.057,0.0708,0.025,-0.028,1,250.0,0.0819,0.168,0.2665,-1.0,-1.0,75.0,0.2285,0.2451,0.2451,-1.0,0.0,0.5,0.0803,ramekin,0,0,0
9,g,18,0.7447,0.02573322,-0.29030457,-0.267133,-0.131107,6,-0.048,0.055,0.073,0.025,-0.028,1,34.0,0.0777,0.1258,0.0451,0.0149,0.9117,7.0,0.0365,0.0195,0.0195,-1.0,0.0,0.2866,0.0,ramekin,0,1,1
9,g,19,0.7447,0.02573322,-0.29030457,-0.267133,-0.131107,5,-0.044,0.057,0.072,0.039,-0.014,1,250.0,0.0506,0.3747,0.4233,-1.0,-1.0,2.0,0.0,0.0,0.0,-1.0,0.0,0.5,0.0,ramekin,0,0,0
9,g,2,0.7447,0.02573322,-0.29030457,-0.267133,-0.131107,5,-0.046,0.054,0.0709,0.037,-0.016,1,44.0,0.0823,0.1141,0.0246,0.0203,0.9122,10.0,0.1096,0.0296,0.0296,-1.0,0.0,0.3647,0.0,ramekin,0,1,1
9,g,20,0.7447,0.02573322,-0.29030457,-0.267133,-0.131107,5,-0.048,0.05,0.0693,0.036,-0.017,1,250.0,0.0119,0.3137,0.3184,-1.0,-1.0,5.0,0.2286,0.0,0.0,-1.0,0.0,0.5,0.0,distractor_bowl,0,0,0
9,g,21,0.7447,0.02573322,-0.29030457,-0.267133,-0.131107,5,-0.051,0.054,0.0743,0.041,-0.012,1,250.0,0.015,0.4233,0.4869,-1.0,-1.0,1.0,0.0,0.0002,0.0002,-1.0,0.0,0.4977,0.0089,cookies,0,0,0
9,g,22,0.7447,0.02573322,-0.29030457,-0.267133,-0.131107,5,-0.045,0.056,0.0718,0.04,-0.013,1,250.0,0.0746,0.3981,0.1059,-1.0,-1.0,16.0,0.2284,0.072,0.0716,-1.0,0.0,0.4264,0.2305,ramekin,0,0,0
9,g,23,0.7447,0.02573322,-0.29030457,-0.267133,-0.131107,5,-0.044,0.055,0.0704,0.038,-0.015,1,250.0,0.0174,0.3987,0.4571,-1.0,-1.0,2.0,0.0,0.0027,0.0027,-1.0,0.0,0.4967,0.0,cookies,0,0,0
9,g,25,0.7447,0.02573322,-0.29030457,-0.267133,-0.131107,5,-0.045,0.057,0.0726,0.04,-0.013,1,250.0,0.0118,0.7516,0.3831,-1.0,-1.0,2.0,0.0,0.0,0.0,-1.0,63.0,0.5,0.9798,ramekin,0,0,0
9,g,3,0.7447,0.02573322,-0.29030457,-0.267133,-0.131107,5,-0.046,0.054,0.0709,0.036,-0.017,1,67.0,0.0765,0.1145,0.0232,0.0126,0.9113,19.0,0.2158,0.0339,0.0188,-1.0,0.0,0.5,0.0,distractor_bowl,0,1,2
9,g,4,0.7447,0.02573322,-0.29030457,-0.267133,-0.131107,5,-0.049,0.054,0.0729,0.038,-0.015,1,40.0,0.0703,0.126,0.0057,0.0052,0.912,9.0,0.2079,0.0185,0.0137,29.0,0.0,0.5,0.0,distractor_bowl,0,1,0
9,g,5,0.7447,0.02573322,-0.29030457,-0.267133,-0.131107,6,-0.041,0.055,0.0686,0.025,-0.028,1,42.0,0.0846,0.1456,0.0294,0.0131,0.9117,9.0,0.2037,0.0145,0.0145,-1.0,0.0,0.5,0.0,distractor_bowl,0,1,1
9,g,6,0.7447,0.02573322,-0.29030457,-0.267133,-0.131107,6,-0.045,0.053,0.0695,0.026,-0.027,1,46.0,0.0793,0.1383,0.0689,0.0354,0.9113,11.0,0.2077,0.0241,0.0197,-1.0,0.0,0.5,0.0,ramekin,0,1,3
9,g,7,0.7447,0.02573322,-0.29030457,-0.267133,-0.131107,5,-0.043,0.055,0.0698,0.037,-0.016,1,26.0,0.0736,0.1151,0.0053,0.0053,0.9117,6.0,0.0503,0.008,0.008,22.0,0.0,0.5,0.0,distractor_bowl,0,1,0
9,g,8,0.7447,0.02573322,-0.29030457,-0.267133,-0.131107,5,-0.047,0.054,0.0716,0.039,-0.014,1,29.0,0.0763,0.1153,0.0163,0.0161,0.9118,7.0,0.2012,0.0064,0.0052,23.0,0.0,0.5,0.0,ramekin,0,1,0
9,g,9,0.7447,0.02573322,-0.29030457,-0.267133,-0.131107,6,-0.037,0.059,0.0696,0.025,-0.028,1,250.0,0.0079,0.2871,0.3182,-1.0,-1.0,2.0,0.1748,0.0105,0.0033,-1.0,0.0,0.5,0.0,cookies,0,0,0
9,h,1,0.7447,0.02573322,-0.29030457,-0.267133,-0.131107,5,-0.048,0.05,0.0693,0.038,-0.015,1,250.0,0.0454,0.1269,0.0437,-1.0,-1.0,58.0,0.2291,0.1326,0.1124,-1.0,0.0,0.4891,0.0198,cookies,0,0,0
9,h,10,0.7447,0.02573322,-0.29030457,-0.267133,-0.131107,5,-0.05,0.055,0.0743,0.036,-0.017,1,47.0,0.0777,0.1143,0.0682,0.0389,0.9118,11.0,0.2139,0.0219,0.0219,-1.0,0.0,0.472,0.0,cookies,0,1,1
9,h,11,0.7447,0.02573322,-0.29030457,-0.267133,-0.131107,5,-0.048,0.051,0.07,0.04,-0.013,1,250.0,0.089,0.2721,0.3393,-1.0,-1.0,2.0,0.1747,0.0,0.0,-1.0,4.0,0.3889,0.1051,cookies,0,0,0
9,h,12,0.7447,0.02573322,-0.29030457,-0.267133,-0.131107,5,-0.043,0.055,0.0698,0.04,-0.013,1,250.0,0.0749,0.1866,0.1161,-1.0,-1.0,6.0,0.2283,0.3764,0.3764,-1.0,0.0,0.5,0.0,distractor_bowl,0,0,0
9,h,13,0.7447,0.02573322,-0.29030457,-0.267133,-0.131107,6,-0.038,0.056,0.0677,0.023,-0.03,1,250.0,0.0806,0.4946,0.1481,-1.0,-1.0,5.0,0.2284,0.3411,0.3411,-1.0,0.0,0.5,0.2171,ramekin,0,0,0
9,h,14,0.7447,0.02573322,-0.29030457,-0.267133,-0.131107,5,-0.046,0.056,0.0725,0.039,-0.014,1,250.0,0.0116,0.3864,0.4514,-1.0,-1.0,2.0,0.0,0.0086,0.0014,-1.0,5.0,0.5,0.0,ramekin,0,0,0
9,h,15,0.7447,0.02573322,-0.29030457,-0.267133,-0.131107,5,-0.046,0.056,0.0725,0.038,-0.015,1,36.0,0.0771,0.1137,0.0068,0.0122,0.912,8.0,0.0374,0.0069,0.0049,25.0,0.0,0.4987,0.0,distractor_bowl,0,1,0
9,h,16,0.7447,0.02573322,-0.29030457,-0.267133,-0.131107,5,-0.045,0.059,0.0742,0.039,-0.014,1,250.0,0.016,0.4031,0.4626,-1.0,-1.0,2.0,0.0,0.0171,0.0052,-1.0,1.0,0.4926,0.0119,cookies,0,0,0
9,h,17,0.7447,0.02573322,-0.29030457,-0.267133,-0.131107,5,-0.049,0.055,0.0737,0.036,-0.017,1,250.0,0.0744,0.1778,0.4118,0.0327,0.9191,53.0,0.2286,1.4501,1.3302,-1.0,0.0,0.5,0.2838,ramekin,0,0,0
9,h,18,0.7447,0.02573322,-0.29030457,-0.267133,-0.131107,5,-0.043,0.054,0.069,0.038,-0.015,1,59.0,0.07,0.1286,0.0148,0.0232,0.9122,9.0,0.0546,0.01,0.01,48.0,0.0,0.5,0.0,ramekin,0,1,0
9,h,19,0.7447,0.02573322,-0.29030457,-0.267133,-0.131107,5,-0.044,0.053,0.0689,0.042,-0.011,1,30.0,0.0792,0.11,0.0107,0.0492,0.9167,10.0,0.0205,0.0134,0.0134,-1.0,0.0,0.5,0.0,cookies,0,1,1
9,h,2,0.7447,0.02573322,-0.29030457,-0.267133,-0.131107,5,-0.05,0.051,0.0714,0.038,-0.015,1,250.0,0.0766,0.4927,0.1514,-1.0,-1.0,7.0,0.2283,0.2073,0.2073,-1.0,0.0,0.5,0.258,ramekin,0,0,0
9,h,20,0.7447,0.02573322,-0.29030457,-0.267133,-0.131107,5,-0.048,0.051,0.07,0.04,-0.013,1,34.0,0.0848,0.1189,0.0227,0.0227,0.9122,11.0,0.0,0.0126,0.0127,-1.0,0.0,0.5,0.0,ramekin,0,1,1
9,h,21,0.7447,0.02573322,-0.29030457,-0.267133,-0.131107,5,-0.042,0.055,0.0692,0.04,-0.013,1,250.0,0.0117,0.2171,0.3288,-1.0,-1.0,3.0,0.1756,0.0031,0.0031,-1.0,0.0,0.3242,0.082,cookies,0,0,0
9,h,22,0.7447,0.02573322,-0.29030457,-0.267133,-0.131107,6,-0.046,0.053,0.0702,0.024,-0.029,1,45.0,0.0812,0.1235,0.041,0.008,0.9119,8.0,0.0367,0.009,0.0084,-1.0,0.0,0.5,0.0,ramekin,0,1,1
9,h,23,0.7447,0.02573322,-0.29030457,-0.267133,-0.131107,5,-0.047,0.051,0.0694,0.041,-0.012,1,71.0,0.0697,0.1873,0.0473,-1.0,-1.0,11.0,0.0435,0.021,0.0186,-1.0,0.0,0.5,0.0,ramekin,0,0,0
9,h,24,0.7447,0.02573322,-0.29030457,-0.267133,-0.131107,5,-0.048,0.052,0.0708,0.037,-0.016,1,250.0,0.0317,0.2591,0.2797,-1.0,-1.0,5.0,0.1748,0.0562,0.0314,-1.0,0.0,0.5,0.0004,cookies,0,0,0
9,h,25,0.7447,0.02573322,-0.29030457,-0.267133,-0.131107,5,-0.045,0.054,0.0703,0.04,-0.013,1,28.0,0.0437,0.0988,0.0348,0.0359,0.9141,8.0,0.0345,0.0146,0.014,18.0,0.0,0.5,0.0,ramekin,0,1,0
9,h,3,0.7447,0.02573322,-0.29030457,-0.267133,-0.131107,5,-0.046,0.052,0.0694,0.038,-0.015,1,54.0,0.0782,0.1136,0.0169,0.0171,0.9117,12.0,0.2054,0.0185,0.0185,45.0,0.0,0.4386,0.0,ramekin,0,1,2
9,h,4,0.7447,0.02573322,-0.29030457,-0.267133,-0.131107,5,-0.04,0.056,0.0688,0.039,-0.014,1,250.0,0.0743,0.3451,0.1229,-1.0,-1.0,8.0,0.2283,0.0255,0.0151,-1.0,0.0,0.5,0.0,distractor_bowl,0,0,0
9,h,5,0.7447,0.02573322,-0.29030457,-0.267133,-0.131107,6,-0.045,0.054,0.0703,0.026,-0.027,1,32.0,0.0819,0.1333,0.0095,0.0095,0.9116,9.0,0.0322,0.0092,0.0086,23.0,0.0,0.5,0.0,distractor_bowl,0,1,0
9,h,6,0.7447,0.02573322,-0.29030457,-0.267133,-0.131107,6,-0.039,0.056,0.0682,0.025,-0.028,1,106.0,0.0854,0.1662,0.0783,0.0408,0.9088,21.0,0.2284,0.1755,0.1755,-1.0,0.0,0.5,0.0,cookies,0,1,2
9,h,7,0.7447,0.02573322,-0.29030457,-0.267133,-0.131107,5,-0.046,0.053,0.0702,0.037,-0.016,1,32.0,0.0877,0.1109,0.0232,0.0044,0.9119,9.0,0.0001,0.0296,0.0296,-1.0,0.0,0.5,0.0,ramekin,0,1,1
9,h,8,0.7447,0.02573322,-0.29030457,-0.267133,-0.131107,5,-0.046,0.056,0.0725,0.038,-0.015,1,27.0,0.0746,0.1216,0.0217,0.0217,0.9119,7.0,0.041,0.0113,0.0099,22.0,0.0,0.5,0.0,distractor_bowl,0,1,0
9,h,9,0.7447,0.02573322,-0.29030457,-0.267133,-0.131107,5,-0.05,0.053,0.0729,0.042,-0.011,1,250.0,0.0125,0.333,0.3955,-1.0,-1.0,2.0,0.0,0.0,0.0,-1.0,0.0,0.5,0.0,distractor_bowl,0,0,0
