reach,lane,episode,target_x,target_y,close_q,d_x,d_y,d_xy,d_z,steps,maxlift,slip,holdd,bimp,bpen,refok,ikfail,distmax,termhold,lost
0.58,a,1,-0.081,-0.03,6,0.018,0.029,0.0341,0.024,58.0,0.0623,0.0681,0.0499,8.0,0.0009,-1.0,0.0,0.0098,1,1
0.58,a,10,-0.081,-0.03,6,0.011,0.027,0.0292,0.023,28.0,0.0524,0.0685,0.0384,6.0,0.0006,17.0,0.0,0.0,1,0
0.58,a,2,-0.081,-0.03,5,0.023,0.02,0.0305,0.035,36.0,0.0625,0.0823,0.0343,5.0,0.0007,25.0,0.0,0.0,1,0
0.58,a,3,-0.081,-0.03,5,0.02,0.02,0.0283,0.04,28.0,0.0584,0.0827,0.0427,5.0,0.0008,17.0,0.0,0.0,1,0
0.58,a,4,-0.081,-0.03,6,0.009,0.025,0.0266,0.025,43.0,0.0608,0.0603,0.0406,6.0,0.0006,32.0,0.0,0.0,1,2
0.58,a,5,-0.081,-0.03,6,0.027,0.026,0.0375,0.028,250.0,0.0576,0.0753,-1.0,17.0,0.0142,-1.0,3.0,0.0516,0,0
0.58,a,6,-0.081,-0.03,6,0.011,0.02,0.0228,0.025,32.0,0.0592,0.0679,0.0366,7.0,0.0009,21.0,0.0,0.0,1,0
0.58,a,7,-0.081,-0.03,5,0.016,0.023,0.028,0.038,30.0,0.06,0.0747,0.0431,6.0,0.0007,19.0,0.0,0.0,1,0
0.58,a,8,-0.081,-0.03,6,0.022,0.024,0.0326,0.027,46.0,0.0404,0.0701,0.037,12.0,0.0007,-1.0,0.0,0.0,1,2
0.58,a,9,-0.081,-0.03,5,0.035,0.021,0.0408,0.035,28.0,0.0676,0.0784,0.0276,7.0,0.0006,17.0,0.0,0.0,1,0
0.58,b,1,-0.081,-0.03,6,0.01,0.023,0.0251,0.024,30.0,0.0551,0.0633,0.0268,6.0,0.0013,19.0,0.0,0.0,1,0
0.58,b,10,-0.081,-0.03,5,0.019,0.02,0.0276,0.037,55.0,0.0554,0.076,0.0406,10.0,0.0008,44.0,0.0,0.0,1,0
0.58,b,2,-0.081,-0.03,5,0.013,0.021,0.0247,0.038,29.0,0.0542,0.0722,0.0233,5.0,0.0007,18.0,0.0,0.0,1,0
0.58,b,3,-0.081,-0.03,6,0.031,0.033,0.0453,0.024,45.0,0.0591,0.0651,0.0362,8.0,0.0003,34.0,0.0,0.0,1,0
0.58,b,4,-0.081,-0.03,5,0.018,0.022,0.0284,0.041,28.0,0.0562,0.0732,0.0377,6.0,0.0006,17.0,0.0,0.0,1,0
0.58,b,5,-0.081,-0.03,5,0.019,0.019,0.0269,0.039,26.0,0.0594,0.0821,0.0339,4.0,0.0006,-1.0,0.0,0.0038,1,1
0.58,b,6,-0.081,-0.03,5,0.008,0.02,0.0215,0.038,32.0,0.0586,0.0773,0.0292,8.0,0.0007,-1.0,0.0,0.008,1,1
0.58,b,7,-0.081,-0.03,6,0.025,0.026,0.0361,0.027,31.0,0.0553,0.064,0.0491,4.0,0.0003,20.0,0.0,0.0,1,0
0.58,b,8,-0.081,-0.03,5,0.011,0.023,0.0255,0.039,28.0,0.0575,0.0724,0.0315,6.0,0.0009,17.0,0.0,0.0,1,0
0.58,b,9,-0.081,-0.03,5,0.038,0.021,0.0434,0.034,33.0,0.0626,0.0788,0.046,6.0,0.0008,22.0,0.0,0.0,1,0
0.615,a,1,-0.046,-0.03,6,0.002,0.021,0.0211,0.03,57.0,0.0466,0.0677,0.0286,7.0,0.0009,46.0,0.0,0.0,1,0
0.615,a,10,-0.046,-0.03,6,0.013,0.019,0.023,0.031,27.0,0.0453,0.0664,0.0275,5.0,0.0006,16.0,0.0,0.0,1,0
0.615,a,2,-0.046,-0.03,6,0.006,0.02,0.0209,0.026,34.0,0.0764,0.0717,0.0396,9.0,0.0012,23.0,0.0,0.0,1,0
0.615,a,3,-0.046,-0.03,6,0.0,0.023,0.023,0.027,250.0,0.0359,0.0644,-1.0,15.0,0.0,-1.0,0.0,0.041,0,0
0.615,a,4,-0.046,-0.03,6,0.004,0.02,0.0204,0.029,30.0,0.0616,0.065,0.0379,6.0,0.0006,19.0,0.0,0.0,1,0
0.615,a,5,-0.046,-0.03,6,0.0,0.023,0.023,0.024,250.0,0.0018,0.3783,-1.0,0.0,0.0,-1.0,0.0,0.122,0,0
0.615,a,6,-0.046,-0.03,6,0.007,0.02,0.0212,0.025,36.0,0.0668,0.0626,0.0403,6.0,0.0007,25.0,0.0,0.0,1,0
0.615,a,7,-0.046,-0.03,6,0.005,0.023,0.0235,0.025,36.0,0.064,0.0635,0.0321,7.0,0.0006,25.0,0.0,0.0,1,1
0.615,a,8,-0.046,-0.03,6,-0.003,0.023,0.0232,0.025,250.0,0.07,0.0668,-1.0,30.0,0.0007,-1.0,0.0,0.0484,0,0
0.615,a,9,-0.046,-0.03,6,0.0,0.021,0.021,0.025,40.0,0.0527,0.0638,0.0345,9.0,0.0006,29.0,0.0,0.0,1,0
0.615,b,1,-0.046,-0.03,6,-0.002,0.024,0.0241,0.024,30.0,0.0676,0.0651,0.0351,9.0,0.0007,-1.0,0.0,0.0,1,1
0.615,b,10,-0.046,-0.03,6,0.007,0.022,0.0231,0.028,37.0,0.062,0.0624,0.0492,5.0,0.0007,-1.0,0.0,0.0,1,1
0.615,b,2,-0.046,-0.03,6,0.008,0.02,0.0215,0.029,29.0,0.0682,0.0617,0.0467,6.0,0.0012,18.0,0.0,0.0,1,0
0.615,b,3,-0.046,-0.03,6,0.004,0.022,0.0224,0.028,28.0,0.0665,0.063,0.0356,3.0,0.0005,-1.0,0.0,0.0,1,1
0.615,b,4,-0.046,-0.03,5,0.01,0.021,0.0233,0.04,44.0,0.0356,0.0735,0.0435,5.0,0.0008,-1.0,0.0,0.0,1,1
0.615,b,5,-0.046,-0.03,6,0.001,0.021,0.021,0.024,30.0,0.0582,0.0591,0.0264,5.0,0.0012,19.0,0.0,0.0,1,0
0.615,b,6,-0.046,-0.03,6,0.029,0.023,0.037,0.034,37.0,0.0627,0.0697,0.031,9.0,0.0008,26.0,0.0,0.0,1,0
0.615,b,7,-0.046,-0.03,6,0.004,0.021,0.0214,0.025,29.0,0.0613,0.0595,0.0486,5.0,0.0008,18.0,0.0,0.0,1,0
0.615,b,8,-0.046,-0.03,6,0.001,0.025,0.025,0.025,250.0,0.0738,0.0668,-1.0,29.0,0.0008,-1.0,0.0,0.0,0,0
0.615,b,9,-0.046,-0.03,6,0.001,0.021,0.021,0.024,250.0,0.0585,0.0626,-1.0,37.0,0.0003,-1.0,0.0,0.03,0,0
0.65,a,1,-0.01,0.0,11,0.007,0.027,0.0279,0.029,48.0,0.0314,0.0748,0.0206,6.0,0.0021,37.0,0.0,0.0025,1,0
0.65,a,10,-0.01,0.0,12,0.021,0.024,0.0319,0.024,250.0,0.0222,0.2519,-1.0,4.0,0.0,-1.0,0.0,0.0359,0,0
0.65,a,2,-0.01,0.0,10,0.013,0.024,0.0273,0.026,250.0,0.0158,0.3017,-1.0,2.0,0.0,-1.0,0.0,0.1034,0,0
0.65,a,3,-0.01,0.0,42,0.007,0.01,0.0122,0.034,102.0,0.046,0.07,0.0379,13.0,0.0016,91.0,0.0,0.0022,1,3
0.65,a,4,-0.01,0.0,21,0.023,0.02,0.0305,0.024,250.0,0.0186,0.1906,-1.0,3.0,0.0,-1.0,0.0,0.0564,0,0
0.65,a,5,-0.01,0.0,32,0.004,-0.016,0.0165,0.037,250.0,0.0545,0.0933,-1.0,11.0,0.012,-1.0,842.0,0.0001,0,0
0.65,a,6,-0.01,0.0,12,0.004,0.021,0.0214,0.032,250.0,0.0087,0.2668,-1.0,1.0,0.0,-1.0,0.0,0.0682,0,0
0.65,a,7,-0.01,0.0,11,0.003,0.027,0.0272,0.03,44.0,0.0523,0.0545,0.0243,5.0,0.0018,33.0,0.0,0.001,1,0
0.65,a,8,-0.01,0.0,12,0.003,0.026,0.0262,0.03,250.0,0.0121,0.5391,-1.0,2.0,0.0,-1.0,0.0,0.1437,0,0
0.65,a,9,-0.01,0.0,12,0.005,0.027,0.0275,0.029,250.0,0.0999,0.0588,-1.0,29.0,0.0124,-1.0,876.0,0.0753,0,0
0.65,b,1,-0.01,0.0,6,0.017,-0.023,0.0286,0.04,250.0,0.0776,0.086,-1.0,38.0,0.0138,-1.0,0.0,0.1688,0,0
0.65,b,10,-0.01,0.0,15,0.023,0.015,0.0275,0.027,44.0,0.0343,0.0841,0.0368,7.0,0.0091,35.0,58.0,0.0011,1,0
0.65,b,2,-0.01,0.0,45,-0.008,-0.01,0.0128,0.032,169.0,0.0549,0.0778,0.0382,14.0,0.0125,158.0,87.0,0.0106,1,0
0.65,b,3,-0.01,0.0,7,0.004,-0.015,0.0155,0.038,250.0,0.066,0.1355,-1.0,15.0,0.0137,-1.0,791.0,0.0345,0,0
0.65,b,4,-0.01,0.0,37,0.004,0.009,0.0098,0.035,250.0,0.0096,0.2784,-1.0,2.0,0.0001,-1.0,0.0,0.1941,0,0
0.65,b,5,-0.01,0.0,13,0.021,0.025,0.0326,0.018,250.0,0.0437,0.2067,-1.0,4.0,0.0001,-1.0,0.0,0.105,0,0
0.65,b,6,-0.01,0.0,12,0.006,0.025,0.0257,0.031,71.0,0.029,0.1143,0.0394,12.0,0.0019,-1.0,0.0,0.0258,1,1
0.65,b,7,-0.01,0.0,53,0.008,0.005,0.0094,0.037,112.0,0.0192,0.0861,0.045,4.0,0.0021,101.0,0.0,0.0349,1,0
0.65,b,8,-0.01,0.0,11,0.006,0.024,0.0247,0.031,250.0,0.0145,0.4967,-1.0,2.0,0.0,-1.0,0.0,0.1451,0,0
0.65,b,9,-0.01,0.0,12,0.009,0.026,0.0275,0.03,250.0,0.0101,0.2467,-1.0,2.0,0.0,-1.0,0.0,0.0555,0,0
0.685,a,1,0.024,0.03,6,-0.02,-0.034,0.0394,0.038,250.0,0.0709,0.0691,-1.0,47.0,0.0139,-1.0,0.0,0.0872,0,0
0.685,a,10,0.024,0.03,7,-0.021,-0.027,0.0342,0.036,57.0,0.0595,0.1111,0.0152,9.0,0.0029,46.0,2.0,0.0053,1,0
0.685,a,2,0.024,0.03,6,-0.015,-0.038,0.0409,0.04,250.0,0.0448,0.0577,-1.0,6.0,0.0,-1.0,0.0,0.0074,0,0
0.685,a,3,0.024,0.03,6,-0.016,-0.037,0.0403,0.042,43.0,0.0438,0.0588,0.0344,8.0,0.0,-1.0,0.0,0.0812,1,1
0.685,a,4,0.024,0.03,8,-0.016,-0.027,0.0314,0.037,250.0,0.0662,0.062,-1.0,32.0,0.0133,-1.0,0.0,0.052,0,0
0.685,a,5,0.024,0.03,7,-0.017,-0.032,0.0362,0.038,250.0,0.0464,0.1802,-1.0,11.0,0.0001,-1.0,0.0,0.137,0,0
0.685,a,6,0.024,0.03,6,-0.011,-0.037,0.0386,0.041,47.0,0.0501,0.0504,0.0413,9.0,0.0002,-1.0,0.0,0.0625,1,1
0.685,a,7,0.024,0.03,6,-0.016,-0.031,0.0349,0.04,52.0,0.0473,0.0562,0.0409,5.0,0.0011,41.0,0.0,0.0635,1,0
0.685,a,8,0.024,0.03,6,-0.018,-0.031,0.0358,0.039,44.0,0.0409,0.0645,0.0431,11.0,0.0076,-1.0,0.0,0.0909,1,1
0.685,a,9,0.024,0.03,6,-0.025,-0.033,0.0414,0.038,250.0,0.0483,0.2551,-1.0,2.0,0.0001,-1.0,0.0,0.032,0,0
0.685,b,1,0.024,0.03,8,-0.019,-0.026,0.0322,0.034,250.0,0.0516,0.0903,-1.0,19.0,0.0113,-1.0,1117.0,0.0257,0,0
0.685,b,10,0.024,0.03,7,-0.021,-0.031,0.0374,0.037,83.0,0.0573,0.0655,0.0174,9.0,0.0145,72.0,0.0,0.0074,1,0
0.685,b,2,0.024,0.03,7,-0.021,-0.032,0.0383,0.039,250.0,0.0543,0.2126,-1.0,12.0,0.0095,-1.0,1203.0,0.0007,0,0
0.685,b,3,0.024,0.03,6,-0.023,-0.031,0.0386,0.038,250.0,0.0591,0.0565,-1.0,16.0,0.0138,-1.0,0.0,0.1034,0,0
0.685,b,4,0.024,0.03,6,-0.021,-0.033,0.0391,0.038,250.0,0.0463,0.0503,-1.0,12.0,0.014,-1.0,0.0,0.1048,0,0
0.685,b,5,0.024,0.03,6,-0.022,-0.033,0.0397,0.038,250.0,0.0422,0.0637,-1.0,21.0,0.0139,-1.0,0.0,0.1107,0,0
0.685,b,6,0.024,0.03,6,-0.023,-0.031,0.0386,0.039,250.0,0.0515,0.2629,-1.0,1.0,0.0001,-1.0,0.0,0.0343,0,0
0.685,b,7,0.024,0.03,6,-0.015,-0.037,0.0399,0.04,250.0,0.0619,0.3251,-1.0,2.0,0.0,-1.0,0.0,0.0954,0,0
0.685,b,8,0.024,0.03,7,-0.016,-0.032,0.0358,0.038,250.0,0.0494,0.1333,-1.0,36.0,0.0001,-1.0,318.0,0.0815,0,0
0.685,b,9,0.024,0.03,7,-0.018,-0.032,0.0367,0.04,87.0,0.039,0.13,0.0441,9.0,0.0023,-1.0,0.0,0.0321,1,6
0.72,a,1,0.058,0.05,9,-0.023,-0.036,0.0427,0.027,250.0,0.0757,0.0549,-1.0,31.0,0.0134,-1.0,0.0,0.045,0,0
0.72,a,10,0.058,0.05,11,-0.016,-0.021,0.0264,0.032,250.0,0.0468,0.0579,-1.0,8.0,0.0139,-1.0,0.0,0.0251,0,0
0.72,a,2,0.058,0.05,10,-0.022,-0.031,0.038,0.028,250.0,0.0596,0.0642,-1.0,18.0,0.0136,-1.0,0.0,0.0273,0,0
0.72,a,3,0.058,0.05,10,-0.019,-0.023,0.0298,0.028,250.0,0.0573,0.077,0.0316,32.0,0.0139,-1.0,0.0,0.0267,0,0
0.72,a,4,0.058,0.05,10,-0.021,-0.024,0.0319,0.028,250.0,0.0778,0.0968,-1.0,47.0,0.0072,-1.0,448.0,0.0118,0,0
0.72,a,5,0.058,0.05,62,-0.014,-0.067,0.0684,0.041,250.0,0.0606,0.8689,-1.0,37.0,0.8996,-1.0,0.0,0.0317,0,0
0.72,a,6,0.058,0.05,8,-0.027,-0.044,0.0516,0.03,250.0,0.0535,0.0546,-1.0,4.0,0.0138,-1.0,1093.0,0.0529,0,0
0.72,a,7,0.058,0.05,9,-0.024,-0.034,0.0416,0.027,250.0,0.0566,0.0505,-1.0,24.0,0.0097,-1.0,482.0,0.0617,0,0
0.72,a,8,0.058,0.05,11,-0.017,-0.019,0.0255,0.027,250.0,0.0976,0.1754,-1.0,48.0,0.0002,-1.0,0.0,0.0862,0,0
0.72,a,9,0.058,0.05,12,-0.019,-0.023,0.0298,0.031,250.0,0.0972,0.0917,-1.0,30.0,0.0074,-1.0,106.0,0.134,0,0
0.72,b,1,0.058,0.05,22,-0.004,-0.069,0.0691,0.042,250.0,0.0662,0.073,-1.0,15.0,0.0139,-1.0,508.0,0.0388,0,0
0.72,b,10,0.058,0.05,74,-0.014,-0.065,0.0665,0.041,250.0,0.062,0.0838,-1.0,46.0,0.0139,-1.0,0.0,0.0079,0,0
0.72,b,2,0.058,0.05,15,-0.019,-0.053,0.0563,0.034,250.0,0.0534,0.0574,-1.0,41.0,0.0,-1.0,0.0,0.0175,0,0
0.72,b,3,0.058,0.05,8,-0.02,-0.052,0.0557,0.03,250.0,0.0762,0.0534,-1.0,35.0,0.0147,-1.0,0.0,0.0875,0,0
0.72,b,4,0.058,0.05,11,-0.015,-0.024,0.0283,0.031,250.0,0.0675,0.0702,-1.0,44.0,0.014,-1.0,0.0,0.0481,0,0
0.72,b,5,0.058,0.05,8,-0.022,-0.049,0.0537,0.03,250.0,0.0497,0.0524,-1.0,15.0,0.0001,-1.0,0.0,0.1266,0,0
0.72,b,6,0.058,0.05,25,-0.022,-0.058,0.062,0.035,250.0,0.0719,0.0577,-1.0,34.0,0.014,-1.0,0.0,0.0255,0,0
0.72,b,7,0.058,0.05,17,-0.004,-0.068,0.0681,0.042,250.0,0.062,0.0906,-1.0,20.0,0.0139,-1.0,0.0,0.0679,0,0
0.72,b,8,0.058,0.05,11,-0.017,-0.019,0.0255,0.03,170.0,0.0617,0.1218,0.035,28.0,0.0105,-1.0,54.0,0.1146,1,1
0.72,b,9,0.058,0.05,11,-0.017,-0.022,0.0278,0.03,250.0,0.0624,0.0614,-1.0,38.0,0.0142,-1.0,0.0,0.0463,0,0
0.75,a,1,0.088,0.05,9,-0.031,-0.036,0.0475,0.034,250.0,0.0546,0.4822,-1.0,0.0,0.0,-1.0,0.0,0.1414,0,0
0.75,a,10,0.088,0.05,9,-0.032,-0.038,0.0497,0.034,250.0,0.0465,0.0541,-1.0,18.0,0.0139,-1.0,0.0,0.059,0,0
0.75,a,2,0.088,0.05,9,-0.033,-0.037,0.0496,0.031,250.0,0.0461,0.0544,-1.0,12.0,0.0008,-1.0,0.0,0.0427,0,0
0.75,a,3,0.088,0.05,9,-0.03,-0.036,0.0469,0.031,250.0,0.0662,0.0586,-1.0,47.0,0.0009,-1.0,0.0,0.0197,0,0
0.75,a,4,0.088,0.05,7,-0.034,-0.057,0.0664,0.037,167.0,0.0482,0.0911,0.0415,25.0,0.0138,-1.0,0.0,0.0284,1,1
0.75,a,5,0.088,0.05,9,-0.031,-0.034,0.046,0.03,250.0,0.0583,0.0556,-1.0,21.0,0.0139,-1.0,0.0,0.0336,0,0
0.75,a,6,0.088,0.05,8,-0.033,-0.044,0.055,0.036,250.0,0.0546,0.1126,-1.0,8.0,0.0001,-1.0,1763.0,0.0,0,0
0.75,a,7,0.088,0.05,9,-0.03,-0.034,0.0453,0.03,250.0,0.0393,0.1713,-1.0,45.0,0.0008,-1.0,0.0,0.0355,0,0
0.75,a,8,0.088,0.05,8,-0.033,-0.058,0.0667,0.024,250.0,0.0591,0.0633,-1.0,14.0,0.0139,-1.0,0.0,0.0335,0,0
0.75,a,9,0.088,0.05,9,-0.03,-0.034,0.0453,0.031,250.0,0.0518,0.0657,-1.0,21.0,0.0139,-1.0,0.0,0.0129,0,0
0.75,b,1,0.088,0.05,9,-0.032,-0.037,0.0489,0.034,250.0,0.0382,0.065,-1.0,21.0,0.0003,-1.0,0.0,0.039,0,0
0.75,b,10,0.088,0.05,9,-0.032,-0.039,0.0504,0.032,250.0,0.0842,0.1311,-1.0,14.0,0.0026,-1.0,1307.0,0.0322,0,0
0.75,b,2,0.088,0.05,9,-0.029,-0.034,0.0447,0.03,250.0,0.0394,0.0537,-1.0,9.0,0.0003,-1.0,0.0,0.0483,0,0
0.75,b,3,0.088,0.05,8,-0.031,-0.049,0.058,0.035,250.0,0.0467,0.0899,-1.0,15.0,0.0,-1.0,0.0,0.0418,0,0
0.75,b,4,0.088,0.05,9,-0.031,-0.036,0.0475,0.032,250.0,0.0417,0.0758,-1.0,9.0,0.014,-1.0,0.0,0.0293,0,0
0.75,b,5,0.088,0.05,9,-0.031,-0.037,0.0483,0.032,250.0,0.0816,0.1452,-1.0,42.0,0.0001,-1.0,0.0,0.0739,0,0
0.75,b,6,0.088,0.05,10,-0.026,-0.027,0.0375,0.027,250.0,0.0464,0.0828,-1.0,42.0,0.0006,-1.0,0.0,0.034,0,0
0.75,b,7,0.088,0.05,8,-0.037,-0.048,0.0606,0.032,250.0,0.0696,0.0649,-1.0,45.0,0.0003,-1.0,0.0,0.0213,0,0
0.75,b,8,0.088,0.05,8,-0.037,-0.047,0.0598,0.034,250.0,0.0883,0.059,-1.0,38.0,0.0,-1.0,0.0,0.0552,0,0
0.75,b,9,0.088,0.05,8,-0.033,-0.046,0.0566,0.036,250.0,0.0453,0.1297,-1.0,7.0,0.0084,-1.0,1715.0,0.0,0,0
0.78,a,1,0.118,0.05,7,-0.039,-0.043,0.0581,0.033,250.0,0.0632,0.6054,-1.0,2.0,0.0,-1.0,0.0,0.1643,0,0
0.78,a,10,0.118,0.05,8,-0.038,-0.043,0.0574,0.032,250.0,0.0786,0.1363,-1.0,17.0,0.0001,-1.0,1270.0,0.0411,0,0
0.78,a,2,0.118,0.05,8,-0.039,-0.046,0.0603,0.033,250.0,0.0655,0.1376,-1.0,18.0,0.0007,-1.0,1360.0,0.0032,0,0
0.78,a,3,0.118,0.05,8,-0.04,-0.048,0.0625,0.033,250.0,0.0419,0.1523,-1.0,14.0,0.0001,-1.0,847.0,0.042,0,0
0.78,a,4,0.118,0.05,8,-0.044,-0.05,0.0666,0.027,250.0,0.041,0.074,0.0504,39.0,0.0128,-1.0,0.0,0.0373,0,0
0.78,a,5,0.118,0.05,8,-0.036,-0.041,0.0546,0.033,250.0,0.0454,0.0949,-1.0,23.0,0.0,-1.0,0.0,0.0079,0,0
0.78,a,6,0.118,0.05,8,-0.042,-0.047,0.063,0.029,250.0,0.0689,0.1606,-1.0,19.0,0.0009,-1.0,1157.0,0.02,0,0
0.78,a,7,0.118,0.05,8,-0.04,-0.048,0.0625,0.031,250.0,0.0532,0.1385,-1.0,28.0,0.0001,-1.0,1162.0,0.0041,0,0
0.78,a,8,0.118,0.05,8,-0.041,-0.045,0.0609,0.026,250.0,0.0358,0.0709,-1.0,35.0,0.0003,-1.0,0.0,0.0167,0,0
0.78,a,9,0.118,0.05,8,-0.039,-0.044,0.0588,0.032,250.0,0.0523,0.0613,-1.0,54.0,0.0002,-1.0,0.0,0.0201,0,0
0.78,b,1,0.118,0.05,8,-0.037,-0.043,0.0567,0.032,250.0,0.0641,0.1125,-1.0,7.0,0.0,-1.0,1756.0,0.0,0,0
0.78,b,10,0.118,0.05,8,-0.038,-0.042,0.0566,0.034,250.0,0.0465,1.5082,-1.0,3.0,0.8459,-1.0,0.0,0.0618,0,0
0.78,b,2,0.118,0.05,8,-0.042,-0.042,0.0594,0.027,250.0,0.063,0.0805,-1.0,20.0,0.0003,-1.0,0.0,0.0039,0,0
0.78,b,3,0.118,0.05,8,-0.038,-0.047,0.0604,0.033,250.0,0.0797,0.1893,-1.0,15.0,0.0014,-1.0,1109.0,0.0137,0,0
0.78,b,4,0.118,0.05,8,-0.043,-0.047,0.0637,0.029,250.0,0.0757,0.1464,-1.0,20.0,0.0001,-1.0,1393.0,0.0172,0,0
0.78,b,5,0.118,0.05,8,-0.038,-0.041,0.0559,0.032,250.0,0.0644,0.1273,-1.0,14.0,0.0008,-1.0,1406.0,0.0057,0,0
0.78,b,6,0.118,0.05,8,-0.039,-0.044,0.0588,0.032,250.0,0.0524,0.1619,-1.0,21.0,0.0014,-1.0,0.0,0.0873,0,0
0.78,b,7,0.118,0.05,8,-0.042,-0.042,0.0594,0.032,250.0,0.0721,0.1766,-1.0,16.0,0.0002,-1.0,1258.0,0.0025,0,0
0.78,b,8,0.118,0.05,8,-0.04,-0.046,0.061,0.032,250.0,0.0739,0.0859,-1.0,52.0,0.0006,-1.0,0.0,0.1557,0,0
0.78,b,9,0.118,0.05,8,-0.043,-0.049,0.0652,0.027,250.0,0.0893,0.0993,-1.0,42.0,0.0006,-1.0,0.0,0.0408,0,0
